abnormal,অস্বাভাবিক
abolish,উঠান
abominable,জঘন্য
abominably,জঘন্য পাপাচারণ
abominate,ঘৃণায় পরিহার করা
abomination,কদর্যতা
abort,গর্ভপাত করান
aborted,বন্ধ্যা-করা
abrade,ঘষা
abrasive,ঘষিয়া তুলিয়া ফেলিতে সক্ষম
abrupt,আকস্মিক
abruptly,হঠাৎ
abscond,আত্মগোপন করিয়া থাকা
absence,অনুপস্থিতি
absentee,অনুপস্থিত ব্যক্তি
absurd,কিম্ভুতকিমাকার
absurdity,অর্থহীনতা
absurdly,অদ্ভূত
abuse,অপব্যবহার
abused,নির্যাতিত
abuses,নির্যাতনের
abusive,অবমাননাকর
abysmal,অতল
abysmally,অসম্ভব
abyss,রসাতল
accidental,আপতিক
accost,সম্বোধন
accursed,অভিশপ্ত
accusation,অভিযোগ
accusations,অভিযোগ
accuse,অভিযুক্ত করা
accuses,অভিযুক্ত
accusing,অভিযুক্ত করলেও
accusingly,অভিযোগ করে
acerbate,উত্ত্যক্ত করা
ache,ব্যাথা
aches,ব্যাথা
aching,ধরা
acrid,টক
acrimonious,বদমেজাজি
acrimony,মেজাজ আচরণ ভাষা প্রভৃতির রুক্ষতা
adamant,হীরক
adamantly,অনমনীয়রূপে
addict,উপসেবক
addicted,আসক্ত
addicts,আসক্ত
admonish,সতর্ক করা
admonishment,মৃদু ভর্ত্সনা
admonition,উপদেশ
adulterate,ভেজালযুক্ত
adulterated,ভেজাল
adulteration,ভেজাল
adversary,প্রতিদ্বন্দ্বী
adverse,প্রতিকূল
adversity,বিদ্বেষ
afflict,পীড়িত করা
affliction,দু: খ
afflictive,মর্মন্তুদ
affront,অপমান করা
afraid,ভীত
aggravate,বাড়া
aggravating,বিরক্তিকর
aggravation,অধোগমন
aggression,আক্রমণ
aggressive,আক্রমনাত্মক
aggressiveness,হামলাদারিতা
aggressor,আক্রমণকারী
aggrieve,অসন্তুষ্ট করা
aggrieved,খিন্ন
aghast,বিস্ময়ে হতবুদ্ধি
agonize,পীড়ন করা
agonizing,মানসিক যন্ত্রণাদায়ক
agonizingly,মর্মান্তিকভাবে
agony,নিদারূণ যন্ত্রণা
aground,জলমগ্ন চড়ায়
ail,পীড়িত করা
ailing,দুর্বল
ailment,আময়
aimless,উদ্দেশ্যহীন
alarm,বিপদাশঙ্কা
alarmed,অধীর
alarming,ভীতিকর
alarmingly,আশঙ্কাজনক হারে
alienate,হস্তান্তর করিয়া দেত্তয়া
alienated,বিচ্ছিন্ন
alienation,উন্মত্ততা
allegation,অভিযোগ
allegations,অভিযোগ
allege,সপক্ষে যুক্তি দেখান
allergic,বিরাগসম্পন্ন
allergies,এলার্জি
allergy,এলার্জি
aloof,নির্লিপ্ত
altercation,ঝগড়াঝাঁটি
ambiguity,অস্পষ্টতা
ambiguous,দ্ব্যর্থক
ambivalence,বিরোধ
ambivalent,পরস্পরবিরোধী
ambush,ত্তৎ পাতা
amiss,পথভ্রষ্ট
amputate,অঙ্গচ্ছেদ করা
anarchism,নৈরাজ্যবাদ
anarchist,নৈরাজ্যবাদী
anarchistic,নৈরাজ্যবাদী
anarchy,অরাজকতা
anemic,রক্তহীন
anger,রাগ
angrily,ক্রুদ্ধ
angry,ক্রুদ্ধ
anguish,যন্ত্রণা
animosity,বিদ্বেষ
annihilate,ধ্বংস করা
annihilation,নাশ
annoy,বিরক্ত করা
annoyance,বিরক্তি
annoyed,উত্ত্যক্ত
annoying,বিরক্তিকর
annoys,প্রস্তাবে রেগে
anomalous,ব্যতিক্রমী
anomaly,ব্যতিক্রম
antagonism,বিরোধ
antagonist,বিরোধী
antagonistic,শত্রুভাবাপন্ন
antagonize,প্রতিকূলতা করা
anti,বিরোধী
antisocial,অসামাজিক
antipathy,বিদ্বেষ
antiquated,অপ্রচলিত
antithetical,বিরূদ্ধ
anxieties,উদ্বিগ্নতা
anxiety,উদ্বেগ
anxious,উদ্বিগ্ন
anxiously,জোরে
apathetic,উদাসী
apathy,ঔদাসীন্য
apocalypse,রহস্যোদ্ঘাটন
apocalyptic,রহস্যদঘাটন
apologist,কৈফিয়তদানকারী
apologists,কৈফিয়ৎদাতারা
appall,ভীত করা
appalled,হতভম্ব হয়ে
appalling,আতঙ্কজনক
apprehension,চেতনা
apprehensions,আশঙ্কা
apprehensive,সহজে বুঝিতে সক্ষম
arbitrary,অবাধ
arcane,রহস্যময়
archaic,সেকেলে
arduous,শ্রমসাধ্য
arduously,কষ্টসহকারে
argumentative,বিতর্কমূলক
arrogance,দাম্ভিকতা
arrogant,অহংকারী
arrogantly,অহংকারী
ashamed,লজ্জিত
asinine,গর্দভের
askance,বক্রভাবে
asperse,নিষিক্ত করা
aspersion,কলঙ্ক
assail,প্রাণপণ চেষ্টা করা
assassin,গুপ্তঘাতক
assassinate,গুপ্তহত্যা করা
assault,লাঞ্ছনা
astray,বিপথে
asunder,পরস্পর বিচ্ছিন্ন হইয়া
atrocious,নৃশংস
atrocities,নৃশংসতার
atrocity,নৃশংসতা
atrophy,ক্ষয়িষ্ণুতা
attack,আক্রমণ
attacks,হামলার
audacious,দু: সাহসী
audaciously,তারা মুর্শিদাবাদের
audaciousness,সাহস
audacity,স্পর্ধা
austere,উগ্র
authoritarian,স্বৈরাচারী
autocrat,একনায়ক
autocratic,স্বৈরাচারী
avalanche,ধ্বস
avarice,অর্থলিপ্সা
avaricious,লালস
avariciously,লোভে
avenge,উসুল করা
averse,বিমুখ
aversion,বিরাগ
awful,"ভয়াবহ, আতঙ্কজনক"
awfully,অতিশয়
awkward,বিশ্রী
awkwardness,জবুথবুভাব
backwoods,গ্রামের প্রান্তস্থিত বন
backache,পিঠব্যথা
backbite,নিন্দা করা
backbiting,চুকলি
backward,অনগ্রসর
backwardness,পশ্চাত্পদতা
backwoods,গ্রামের প্রান্তস্থিত বন
bad,খারাপ
badly,খারাপভাবে
baffle,কিংকর্তব্যবিমূঢ় করা
baffled,হতবুদ্ধি
bafflement,বিহ্বলাবস্থা
baffling,বিভ্রান্তিকর
bait,টোপ
balk,কড়িকাঠ
banal,বস্তাপচা
bane,সর্বনাশ
banish,খেদান
banishment,নির্বাসন
bankrupt,দেউলিয়া
barbarian,অসভ্য
barbaric,আদিম
barbarically,বর্বর
barbarity,বর্বরতা
barbarous,বর্বর
barren,অনুর্বর
baseless,ভিত্তিহীন
bash,সজোরে আঘাত
bashful,লাজুক
bastard,জারজ
bastards,বেজন্মাদের
battered,ক্ষত
batty,বাদুড়ে
bearish,অভদ্র
beastly,বদমাশ
bedlam,পাগলা গারদ
bedlamite,পাগল
befoul,কলুষিত করা
beg,প্রার্থনা করা
beggar,ভিক্ষুক
beggarly,অধম
begging,ভিক্ষা
beguile,আমোদিত করা
belabor,খুব প্রহার করা
belated,অন্ধকারের মুখে পতিত
beleaguer,অবরোধ করা
belie,মিথ্যাবাদী বলে
belittle,তুচ্ছতাচ্ছিল্য করা
belittled,ছোট
belittling,মর্যাদা হানি
bellicose,মারমুখো
belligerence,যুধ্যমান অবস্থা
belligerent,যুধ্যমান
bemoan,বিলাপ করা
bemused,বিমূঢ়
bent,নমিত
berate,চোপা করা
bereave,বিচ্ছিন্ন করা
bereavement,আত্মীয়ের মৃতু্য
bereft,প্রি়জন-নিয়োগবিধুর
berserk,পাগল
beseech,সাগ্রহে প্রার্থনা করা
beset,বিজড়িত করা
besiege,নিরোধ করা
besmirch,কলঙ্কিত করা
bestial,পাশব
betray,গুপ্তরহস্য প্রকাশ করা
betrayal,বিশ্বাসঘাতকতা
betrayer,বিশ্বাসঘাতক
betraying,দ্রোহী
betrays,বিশ্বাসঘাতকতা করছে
bewail,শোক প্রকাশ করা
beware,হুঁশিয়ার
bewilder,হতভম্ব করা
bewildered,বুদ্ধিভ্রষ্ট
bewildering,বুদ্ধিভ্রংশজনক
bewilderment,বিহ্বলতা
bewitch,মোহিত করা
bias,পক্ষপাত
biased,পক্ষপাতদুষ্ট
biases,গোঁড়ামির
bicker,বকাবকি
bickering,কলহের
bigotry,ধর্মান্ধতা
bitch,দুশ্চরিত্রা
bitchy,বিদ্বেষপরায়ণ
biting,ব্যঙ্গাত্মক
bitter,তিক্ত
bitterly,ভেঙ্গে
bitterness,তিক্ততা
bizarre,উদ্ভট
blab,বক্বক্ করা
blabber,অনর্থক কথা বলা
blackmail,ব্ল্যাকমেল
blah,বাজে কথা
blame,দোষ
blameworthy,নিন্দনীয়
bland,স্নিগ্ধ
blandish,মানান
blaspheme,অপমান করা
blasphemous,ধর্মহীন
blasphemy,ধর্মনিন্দা
blasted,অভিশপ্ত
blatant,স্থূল
blather,আবোল-তাবোল বলা
bleak,নিরানন্দ
bleakness,নগ্নতা
bleed,রক্ত ঝরা
bleeding,যুদ্ধপীড়িত
blemish,কলঙ্ক
blind,অন্ধ
blinding,দৃষ্টি আচ্ছন্নকারী
blister,ফোস্কা
bloated,স্ফীত
blockage,প্রতিবন্ধকতা
blockhead,নিরেট
bloodshed,রক্তপাত
bloodthirsty,রক্তপিপাসু
bloody,রক্তাক্ত
blotchy,রঙ কালি প্রভৃতির দাগযুক্ত
blow,ঘা
blunder,সাঙ্ঘাতিক ভুল
blundering,জড়ভরত
blunders,সাঙ্ঘাতিক ভুল
blunt,ভোঁতা
blur,দাগ
blurred,অস্পষ্ট
blurring,অস্পষ্টতা
blurry,ঝাপসা
blurs,আবছা করে
blurt,বলে ফেলা
boastful,দাম্ভিক
boggle,ভয়ে চমকাইয়া ত্তঠা
bogus,বাজে
boil,ফুটান
boiling,ফুটন্ত
boisterous,ভীম
bomb,বোমা
bombard,বোমা ছুড়িয়া মারা
bombardment,গোলাবর্ষণ
bombastic,শব্দাড়ম্বরপূর্ণ
bondage,ডোর
bonkers,পাগলাটে
bore,বিরক্ত
bored,উদাস
boredom,একঘেয়েমি
boring,বিরক্তিকর
botch,বিশ্রী দাগ
bother,মাথা ঘামান
bothered,বিরক্ত
bothering,বিরক্ত
bothers,বিরক্তির
bothersome,বিরক্তিকর
bowdlerize,কোনো বইয়ের অশ্লীল অংশ বাদ দেওয়া
boycott,বয়কট
braggart,দম্ভপূর্ণ
brainless,নির্বোধ
brainwash,মগজ-ধোলাই
brash,ঢেকুর
brat,ছোঁড়া
bravado,বাহাদুরি
brazen,নির্লজ্জ
brazenly,নির্লজ্জভাবে
breach,লঙ্ঘন
break,বিরতি
breakup,বিচ্ছিন্ন
breakdown,ভাঙ্গন
breaking,ভঙ্গ
breaks,বিরতি
breakup,বিচ্ছিন্ন
bribery,উত্কোচ গ্রহণ
brimstone,গন্ধক
bristle,কূর্চ
brittle,ভঙ্গুর
broke,কপর্দকশূন্য
broken,ভাঙা
brokenhearted,ভাঙ্গা হৃদয়
brood,শাবক
browbeat,শাসান
bruise,কালশিটে দাগ
bruised,থেঁত
bruises,ক্ষত বিক্ষত
bruising,চূর্ণ
brusque,অশিষ্ট
brutal,পাশবিক
brutalities,নৃশংসতার
brutality,পশুত্ব
brutalize,বর্বর বা নিষ্ঠুর
brutalizing,নির্মম
brutally,নির্মমভাবে
brute,নরপশু
brutish,পাশবিক
buckle,বক্ল
bug,বাগ
buggy,বগী
bugs,বাগ
bulky,ভারী
bull,ষাঁড়
bull,ষাঁড়
bullies,নিগ্রহ
bullshit,বাজে কথা
bully,চমত্কার
bullying,তর্জন
bum,পশ্চাদ্দেশ
bump,আচমকা
bumps,বাধা বিপত্তি
bumpy,অসমান
bungle,অকার্য
bungler,আনাড়ী কর্মী
bungling,অনৈপুণ্য
bunk,পালান
burden,বোঝা
burdensome,দুর্বহ
burn,পোড়া
burned,পোড়া
burning,জ্বলন্ত
burns,পোড়া
bust,বক্ষ
busts,প্রস্ফুটন ও বিস্ফোরনের
busybody,অনধিকারচর্চাকারী
butcher,কসাই
butchery,কসাইখানা
calamities,বিপর্যয়ের
calamitous,বিপজ্জনক
calamity,ক্লেশ
callous,অনুভূতিহীন
calumniate,পরনিন্দা করা
calumniation,নিন্দাকরণ
calumnies,কলঙ্ক
calumnious,নিন্দাসূচক
calumny,অপবাদ
cancer,ক্যান্সার
cancerous,ক্ষয়জনক
cannibal,রাক্ষস
capitulate,আত্মসমর্পণ করা
capricious,খামখেয়ালী
capriciously,খেয়ালখুশিমত
capsize,উলটান
careless,উদ্বেগহীন
carelessness,অসতর্কতা
caricature,ব্যঙ্গচিত্র
carnage,হত্যাকাণ্ড
carp,দোষারোপ করা
castigate,শাস্তি দেত্তয়া
castrated,নপুংসক
casualty,দুর্ঘটনা
cataclysm,প্লাবন
cataclysmic,ভয়ানক
catastrophe,বিপর্যয়কারী ঘটনা
catastrophes,বিপর্যয়
catastrophic,সর্বনাশা
caustic,শ্লেষাত্মক
cautionary,সতর্কীকরণমূলক
cave,গুহা
censure,অনুযোগ
chafe,রাগান
chaff,তুষ
chagrin,বিরক্তি
challenging,চ্যালেঞ্জিং
chaos,বিশৃঙ্খলা
chaotic,বিশৃঙ্খল
chasten,মার্জিত করা
chastise,তাড়ন করা
chastisement,শাস্তি
chatter,অনর্থক কথা বলা
chatterbox,বাচাল
cheap,সস্তা
cheapen,সুলভ করা
cheaply,সস্তায়
cheat,প্রতারণা
cheated,প্রতারিত
cheater,তঁচক
cheating,প্রতারণা
checkered,ছককাটা
cheerless,নিরানন্দ
cheesy,গোলগাল
chide,ভর্ত্সনা করা
childish,শিশুবৎ
chill,শীতলতা
chilly,ঠাণ্ডাভাবে
choke,শ্বাসরোধ
choleric,দজ্জাল
choppy,অস্থির
chore,টুকিটাকি কাজ
chronic,দীর্ঘকালস্থায়ী
chunky,গাঁট্টাগোট্টা
clamor,গোলমাল
clamorous,উচ্চশব্দকারী
clash,সংঘর্ষ
clique,উপদল
clog,খড়ম
clogged,পানি জমে
clogs,খড়ম
cloud,মেঘ
cloudy,মেঘলা
clueless,পুনের
clumsy,কদাকার
clunky,ক্লাঙ্কি
coarse,মোটা
cocky,ধৃষ্ট
coerce,বাধ্য করা
coercion,বলপ্রয়োগ
coercive,বাধ্যকারী
cold,ঠান্ডা
coldly,ঠাণ্ডাভাবে
collapse,পতন
collude,আঁতাত
collusion,সাজশ
combative,রণশীল
combust,বিস্ফোরণ ঘটাতে
comical,হাস্যরসাত্মক
commiserate,সহানুভূতি প্রকাশ করা
commonplace,প্রাকৃত
commotion,তোলপাড়
commotions,বিদ্রোহের
complacent,প্রসন্ন
complain,নালিশ করা
complained,অভিযোগ
complaining,অভিযোগ
complains,অভিযোগ
complaint,অভিযোগ
complaints,অভিযোগ
complex,জটিল
complicated,জটিল
complication,জটিলতা
complicit,আছে complicit
compulsion,বাধ্যবাধকতা
compulsive,অমোঘ
concede,স্বীকার করা
conceded,স্বীকার
conceit,অহমিকা
conceited,আত্মাভিমানী
concern,উদ্বেগ
concerned,উদ্বিগ্ন
concerns,উদ্বেগ
concession,অনুমোদন
concessions,ছাড়
condemn,নিন্দা করা
condemnable,নিন্দার্হ
condemnation,নিন্দা
condemned,নিন্দিত
condemns,অব্যবহার্য বলে ঘোষণা
condescend,নামিয়া আসা
condescending,ক্ষমশীল
condescendingly,প্রসন্ন হওয়ার
condescension,অনুকংপা
confess,স্বীকার করা
confession,স্বীকারোক্তি
confessions,স্বীকারোক্তি
confined,সীমাবদ্ধ
conflict,দ্বন্দ্ব
conflicted,বিরোধ
conflicting,পরম্পরবিরোধী
conflicts,দ্বন্দ্ব
confound,হতবুদ্ধি করা
confounded,কিংকর্তব্যবিমূঢ়
confounding,বিভ্রান্তি
confront,মুখোমুখি
confrontation,মুকাবিলা
confrontational,মুখোমুখী
confuse,গুলান
confused,বিভ্রান্ত
confuses,বিভ্রান্ত
confusing,বিভ্রান্তিকর
confusion,বিশৃঙ্খলা
confusions,বিভ্রান্তি
congested,ঘনবসতিপূর্ণ
congestion,পূর্ণতা
cons,কনস
conservative,রক্ষণশীল
conspicuous,সুস্পষ্ট
conspicuously,লক্ষণীয়ভাবে
conspiracies,ষড়যন্ত্র
conspiracy,চক্রান্ত
conspirator,চক্রান্তকারী
conspiratorial,ষড়্যন্ত্র-সংক্রান্ত
conspire,চক্রান্ত
consternation,ত্রাস
contagious,সংক্রামক
contaminate,অর্সা
contaminated,কলুষিত
contamination,অপবিত্রতা
contempt,অবজ্ঞা
contemptible,নীচ
contemptuous,ঘৃণাপূর্ণ
contemptuously,ঘৃণাপূর্ণভাবে
contend,তর্কবিতর্ক করা
contention,তর্ক
contentious,কুস্বভাব
contort,মুচড়ান
contortions,প্যাঁচাল
contradict,অস্বীকার করা
contradiction,অসঙ্গতি
contradictory,পরস্পরবিরোধী
contrariness,বিরূদ্ধতা
contravene,লঙ্ঘন করা
contrive,কার্যসাধন করা
contrived,কল্পিত
controversial,বিতর্কমূলক
controversy,বিতর্ক
convoluted,সংবর্ত
corrode,জারা
corrosion,জারা
corrosive,জারক
corrupt,দূষিত
corrupted,দূষিত
corrupting,কলুষিত
corruption,দুর্নীতি
corrupts,দূষিত করে
costlier,ব্যয়বহুল
costly,ব্যয়বহুল
covetous,লোভী
coward,ভীরু
cowardly,অবীর
crabby,কর্কশ
crack,ফাটল
cracked,কর্কশ
cracks,ফাটল
craftily,ছলনা করিয়া
crafty,ধূর্ত
cramp,খিল ধরান
cramped,আবদ্ধ
cranky,খামখেয়ালী
crap,বিষ্ঠা
crappy,ন্যক্কারজনক
craps,পাশার জুয়া
crash,ক্র্যাশ
crashed,ক্র্যাশ
crashes,বিপর্যস্ত
crashing,বিপর্যয়
crass,সংবেদনহীন
craven,নীচ
craze,উন্মত্ততা
crazily,পাগলের মতো
craziness,পাগলামি
crazy,পাগল
creak,কড়্কড়্ শব্দ
credulous,বিশ্বাসপ্রবণ
creep,হামাগুড়ি
creeping,লতানে
creeps,শরীর শির্শির করা
creepy,ছম্ছমে
crime,অপরাধ
criminal,অপরাধী
cringe,ধামা ধরা
cringed,নতি
cringes,ঘৃনা করেন
cripple,কাক
crippled,বিকলাঙ্গ
cripples,অচল
crippling,অসমর্থকরণ
crisis,সঙ্কট
critic,সমালোচক
critical,সংকটপূর্ণ
criticism,সমালোচনা
criticisms,সমালোচনা
criticize,সমালোচনা করা
criticized,সমালোচনা
criticizing,সমালোচনা
critics,সমালোচকদের
crook,বাঁক
crooked,কুটিল
crooks,কথা বলবেন সে ধোঁকাবাজ
crowded,জনাকীর্ণ
crude,অশোধিত
cruel,নিষ্ঠুর
cruelest,নিষ্ঠুরতম
cruelly,নিষ্ঠুরভাবে
cruelties,নিষ্ঠুরতার
cruelty,নিষ্ঠুরতা
crumble,টুকরা টুকরা করা
crummy,টুকরা টুকরা
crumple,ভাঁজ করা
crumpled,লাট
crush,পিষা
crushed,চূর্ণ
crushing,নিষ্পেষণ
cry,কান্না
culpable,নিন্দনীয়
culprit,অভিযুক্ত ব্যক্তি
cumbersome,কষ্টকর
cunt,কান্ট
cunts,বড়ো
curse,অভিশাপ
cursed,অভিশপ্ত
curses,অভিশাপ
curt,চাঁচাছোলা
cuss,অভিশাপ
cussed,বেয়াড়া
cutthroat,গলাকাটা
cynical,কঠোর
damaged,ক্ষতিগ্রস্ত
damages,ক্ষতিটি
damaging,ক্ষতিকর
damn,অভিশাপ
damnable,জঘন্য
damnably,নরকযন্ত্রণায়
damnation,অভিশাপ
damned,জঘন্য
damning,প্রাণনাশক
damper,দাম্পের
danger,ঝুঁকি
dangerous,বিপজ্জনক
dark,অন্ধকার
darken,অন্ধকার করা
darkened,কালো
darker,গাঢ়
darkness,অন্ধকার
dastard,কাপুরূষ
dastardly,কাপুধ়ষোচিত
daunt,ভীত করা
daunting,কঠিন
dawdle,আলস্যে কাটান
daze,ধাঁধা
dazed,ঝলসান
dead,মৃত
deadlock,অচল অবস্থা
deadly,মারাত্মক
deaf,বধির
dearth,অভাব
death,মরণ
debacle,ছত্রভঙ্গ
debase,অপকৃষ্ট করা
debasement,অপকৃষ্টতা
debatable,তর্কসাধ্য
debauch,লম্পট করা
debauchery,লাম্পট্য
debilitate,দুর্বল করা
debility,দৌর্বল্য
debt,ঋণ
debts,ঋণ
decadence,অবক্ষয়
decadent,অধ: পতিত
decay,ক্ষয়
decayed,জীর্ণ
deceit,শঠতা
deceitful,শঠ
deceitfully,মিথ্যা
deceitfulness,ভুলতা
deceive,ছলা
deceiver,ঠগ
deceivers,প্রতারকদের
deceiving,ধোঁকাবাজ
deception,প্রতারণা
deceptive,কূট
deceptively,চাতুরীর সাথে
declaim,আবৃত্তি করা
decline,পতন
declines,হ্রাসের
declining,পড়ন্ত
decrement,হ্রাস
decrepit,জরাজীর্ণ
decrepitude,জরাজীর্ণতা
decry,সমালোচনা করা
defamation,মানহানি
defamatory,মানহানিকর
defame,কুত্সা করা
defect,খুঁত
defective,ত্রুটিপূর্ণ
defects,অপূর্ণতা
defensive,আত্মরক্ষামূলক
defiance,দ্বন্দ্বার্থ আহ্বান
defiant,দ্বন্দ্বার্থ সম্মুখীন
defiantly,ক্ষোভের সঙ্গে
deficiencies,ঘাটতি
deficiency,অভাব
deficient,ন্যূন
defile,গিরিসঙ্কট
deform,আকৃতি বিকৃত করা
deformed,অঙ্গবিহীন
defrauding,প্রতারণা
defunct,বিলুপ্ত
defy,কলা দেখান
degenerate,অধ: পতিত
degeneration,পতন
degradation,ক্ষয়
degrade,অধ: পতন করা
degrading,অধ: পতিত
dehumanization,অমানবীকরণ
dehumanize,ডেহুমনায্স্ করা
deign,প্রসন্ন হত্তয়া
deject,মনমরা করা
dejected,মনমরা
dejectedly,বিষণ্নভাবে
dejection,নৈরাশা
delay,বিলম্ব
delayed,বিলম্বিত
delaying,বিলম্বী
delays,বিলম্ব
delinquency,কর্তব্যে অবহেলা
delinquent,অপরাধী
delirious,উন্মত্ত
delirium,প্রলাপ
delude,অভিভূত করা
deluded,ঠগ
deluge,মহাপ্লাবন
delusion,বিভ্রম
delusional,ভ্রমাত্মক
delusions,বিভ্রম
demean,হীন করা
demeaning,হীন
demise,মরণ
demolish,ধ্বংস করা
demon,দৈত্য
demonic,দুষ্ট
demonized,ভূতে
demoralize,নীতিনষ্ট করা
demoralizing,বাজে
denial,অস্বীকার
denied,অস্বীকৃত
denies,অস্বীকার
denigrate,কলঙ্কিত করা
denounce,সমালোচনা করা
dense,ঘন
dent,গর্ত
dents,dents হয়
denunciation,অভিশাপ
deny,অস্বীকার করা
denying,আত্মত্যাগী
deplete,খালি করা
deplorable,শোচনীয়
deplorably,শোচনীয়ভাবে
deplore,বিলাপ করা
deprave,দূষিত করা
depraved,চরিত্রহীন
deprecate,গম্ভীর করা
depress,দমান
depressed,অবনমিত
depressing,বিষণ্ণ
depression,বিষণ্নতা
depressions,নিম্নচাপ
deprive,বঞ্চিত
deprived,বঞ্চিত
deride,ঠাট্টা করা
derision,উপহাস
derisive,উপহাস্য
derogatory,হানিকর
desecrate,অপবিত্র করা
desert,মরুভূমি
desertion,ছলনা
desiccate,শুকান
desiccated,শুষ্ক
desolate,জনশূন্য
desolation,নির্জনতা
despair,হতাশা
despairing,নিরাশ্বাস
despairingly,হতাশ
desperate,মরিয়া
desperately,নিদারুণভাবে
desperation,হতাশা
despicable,ঘৃণ্য
despise,অবজ্ঞা করা
despised,তুচ্ছ
despoil,বিহীন করা
despondence,নৈরাশা
despondency,হতাশা
despondent,হতাশ
despot,শাসক
despotic,সার্বভৌম
despotism,স্বৈরতন্ত্র
destitute,পরিত্যক্ত
destitution,নি: সঙ্গতা
destroy,ধ্বংস
destroyer,অপহন্তা
destruction,ধ্বংস
destructive,ধ্বংসাত্মক
desultory,নিয়মশৃঙ্খলাহীন
deter,ভয় দেখাইয়া নিবৃত্ত করা
deteriorate,ধসা
deteriorating,অধোগামী
deterioration,ক্ষয়
deterrent,প্রতিবন্ধক
detest,ঘৃণা করা
detestable,ঘৃণিত
detested,অবজ্ঞাজনক
detests,ঘৃণা
detract,খর্ব করা
detraction,হরণ
detracts,এমনভাবে
detriment,ক্ষতি
detrimental,ক্ষতিকারক
devastate,ধ্বংসান
devastated,বিধ্বস্ত
devastating,বিধ্বংসী
devastation,বিধ্বংস
deviate,পথভ্রষ্ট করা
deviation,চ্যুতি
devil,শয়তান
devilish,শয়তানসুলভ
devilment,দুষ্ঠামি
devilry,শয়তানি
devious,আঁকাবাঁকা
deviousness,আঁকাবাঁকাতা
devoid,বর্জিত
diabolic,শয়তানসুলভ
diabolical,নারকীয়
diabolically,বিরক্তিকরভাবে বারবার
diametrically,সম্পূর্ণভাবে
diatribe,সুদীর্ঘ বিতর্ক
dick,শিশ্ন
dictator,একনায়ক
dictatorial,স্বৈর
die,মরা
died,মারা যান
dies,ডাইস
difficult,কঠিন
difficulties,অসুবিধা
difficulty,অসুবিধা
diffidence,কুণ্ঠা
dilapidated,জীর্ণ
dilemma,উভয়সঙ্কট
dillydally,ঘুরিয়া বেড়ান
dim,অস্পষ্ট
dimmer,অপেক্ষারত গাড়ির ছোটো আলো
ding,একঘেয়েমি
dings,ডিং
dinky,ফুটফুটে
dire,ভয়ানক
dirt,ময়লা
dirty,মলিন
disable,অক্ষম
disabled,অক্ষম
disaccord,অননুমোদন
disadvantage,অসুবিধা
disadvantaged,অনগ্রসর
disadvantageous,অসুবিধাজনক
disadvantages,অসুবিধেও
disaffected,বিরক্ত
disaffirm,ত্যাজ্য করা
disagree,অসম্মতি
disagreeable,ভিন্নমত
disagreed,অনভিপ্রেত
disagreeing,নারাজ
disagreement,ভেদ
disagrees,একমত নন
disallow,অনুমতি না করা
disappoint,নিরাশ করা
disappointed,হতাশ
disappointing,হতাশাদায়ক
disappointingly,হতাশাজনক
disappointment,হতাশা
disappointments,হতাশা
disappoints,হতাশ
disapprobation,অননুমোদন
disapproval,অসমর্থন
disapprove,অগ্রাহ্য করা
disapproving,অনভিলাষী
disarm,নিরস্ত্র করা
disarray,ছত্রভঙ্গ
disaster,বিপর্যয়
disastrous,সর্বনাশা
disavow,অস্বীকার করা
disavowal,অস্বীকৃতি
disbelief,অবিশ্বাস
disbelieve,অবিশ্বাস করা
disbeliever,অবিশ্বাসী
disclaim,দাবি ত্যাগ করা
discomfit,ছত্রভঙ্গ করা
discomfort,অস্বস্তি
discompose,অস্থির করা
disconcert,কুণ্ঠিত করা
disconcerted,বিভ্রান্ত
disconsolate,সান্ত্বনার অসাধ্য
discontent,অসন্তোষ
discontented,অসন্তুষ্ট
discontinued,বিরত
discontinuity,বিচ্ছিন্নভাবে
discontinuous,সান্তার
discord,অনৈক্য
discordance,হৈচৈ
discordant,বিবদমান
discountenance,সমর্থন না করা
discourage,আত্মবিশ্বাসহীন করা
discouragement,আত্মবিশ্বাসহীনতা
discouraging,নিরুৎসাহিত
discourteous,অভদ্র
discourteously,অভদ্র
discredit,অখ্যাতি
discrepant,বিরোধী
discriminate,ভেদ করা
discrimination,বৈষম্য
discriminatory,পক্ষপাতমূলক
disdain,অবজ্ঞা
disdained,তুচ্ছ
disdainful,তাচ্ছল্যপূর্ণ
disdainfully,ঘৃণাপূর্ণভাবে
disfavor,অপছন্দ
disgrace,মর্যাদাহানি
disgraced,নিন্দিত
disgraceful,মর্যাদাহানিকর
disgruntle,মেজাজ বিগড়ে দেওয়া
disgruntled,খেয়ালী
disgust,বিতৃষ্ণা
disgusted,বিতৃষ্ণ
disgustful,নিদারূণ বিরক্তিকর
disgusting,ন্যক্কারজনক
dishearten,নিরূত্সাহ করা
dishonest,অসাধু
dishonestly,অসৎ
dishonesty,অসাধুতা
dishonor,অসম্মান
dishonorable,অপমানজনক
disillusion,মোহমুক্তি
disillusioned,মোহমুক্ত
disillusionment,মোহমুক্তি
disinclination,অনিচ্ছা
disinclined,বীতস্পৃহ
disingenuous,কপট
disintegrate,ভাঙ্গা
disintegrated,ভাঙ্গা
disintegration,বিভেদ
disinterest,উদাস
disinterested,নির্লিপ্ত
dislike,অপছন্দ
disliked,ঘৃণিত
dislikes,অপছন্দ
disliking,অনভিলাষী
dislocated,স্থানচু্যত
disloyal,বিশ্বাসঘাতক
disloyalty,বিশ্বাসঘাতকতা
dismal,অন্ধকারময়
dismally,ফল দিতে পারেনি
dismay,আতঙ্ক
dismayed,ভীত
dismaying,আতঙ্কে
dismissive,উড়িয়ে
disobedience,অবাধ্যতা
disobedient,অবাধ্য
disobey,অমান্য করা
disorder,ব্যাধি
disordered,নৈরাকার
disorderly,অগোছালো
disorganized,বিশৃঙ্খল
disorient,চিনিতে না দেত্তয়া
disoriented,বিচলিত
disown,ত্যাজ্য করা
disparage,অবজ্ঞা করা
disparaging,অপমানজনক
dispensable,অদরকারী
dispirit,নিরাশ করা
displace,পদচু্যত করা
displaced,বাস্তুচ্যুত
displease,বিরক্ত করা
displeased,অসন্তুষ্ট
displeasing,অসন্তুষ্ট
displeasure,অপ্রসন্নতা
disproportionate,অনুপাতহীন
disprove,খণ্ডন করা
disputable,সন্দেহজনক
dispute,বিতর্ক
disputed,বিতর্কিত
disquiet,অশান্তিকর
disquieting,অশান্তিকর
disregard,উপেক্ষা
disreputable,কলঙ্কিত
disrepute,দুর্নাম
disrespect,অসম্মান
disrespectful,অনার্য
disrespectfully,বিছনায়
disrespecting,অসম্মান
disrupt,চূর্ণবিচূর্ণ করা
disruption,ভাঙ্গন
disruptive,সংহতিনাশক
dissatisfaction,অসন্তোষ
dissatisfactory,অসন্তোষজনক
dissatisfied,অসন্তুষ্ট
dissatisfy,অখুশি করা
dissemble,ছদ্মবেশ ধারণ করা
dissembler,ভণ্ড
dissension,মতদ্বৈধ
dissent,ভিন্নমত পোষণ করা
dissenter,অননুগামী ব্যক্তি
dissention,মতবিরোধ
disservice,অপকার
dissidence,মতদ্বৈধ
dissident,ভিন্নমতাবলন্বী
dissidents,বিদ্রোহীদের
dissolute,চরিত্রহীন
dissolution,দ্রবণ
dissonance,অনৈক্য
dissonant,বেসুরো
dissuade,কাউকে ফিরিয়ে আনার
distaste,অরূচি
distasteful,অরূচিকর
distort,বিকৃত করা
distorted,বিকৃত
distortion,নড়ন
distorts,বিকৃত
distract,বিভ্রান্ত করা
distracting,বিক্ষেপী
distraction,ক্ষোভ
distraught,বিক্ষিপ্ত
distress,মর্মপীড়া
distressed,পীড়িত
distressing,পীড়াদায়ক
distressingly,মর্মভেদীভাবে
distrust,অবিশ্বাস
distrustful,আস্থাহীন
disturb,ঘাঁটান
disturbance,ঝামেলা
disturbed,সংবিগ্ন
disturbing,ধকল
disturbingly,বিঘ্নকারী
disunity,অনৈক্য
divergent,বিপথগামী
divisive,বিভেদ সৃষ্টিকর
dizzy,হতবুদ্ধি
doddering,জরাগ্রস্ত
dogged,জিদি
dogmatic,মতবাদ-সংক্রান্ত
doldrums,মনমরা ভাব
domineer,শাসন ​​করা
domineering,উদ্ধত
doom,নিয়তি
doomed,দণ্ডপ্রাপ্ত
doomsday,শেষবিচারের দিন
dope,আফিম
doubt,সন্দেহ
doubtful,সন্দিহান
doubtfully,অনিশ্চিতভাবে
doubts,সন্দেহ
douchebag,অপদার্থ
downbeat,নৈরাশ্যবাদী
downcast,হতাশ
downer,গরীবের
downfall,সম্পূর্ণ বিনাশ
downfallen,ছারখার
downgrade,ডাউনগ্রেড
downhearted,হতাশ
downhill,উতরাই
downside,downside হয়
downsides,মূল্যবান
downturn,মন্দা
downturns,মন্দার
drab,বেশ্যা
draconian,সংক্রান্ত প্রচুর কড়া
drag,টানা
dragged,টেনেছেন
dragging,টেনে
dragoon,বাধ্য করা
drain,ড্রেন
drained,আপীত
draining,পাড়ে
drains,নির্গমন
drastic,প্রচণ্ড
drastically,আয়তন বহুলাংশে
drawback,অপূর্ণতা
drawbacks,অপূর্ণতা
dread,ভয়
dreadful,ভয়ঙ্কর
dreary,বিষণ্ণ
dripping,ক্ষরণ
drones,ড্রোন
droop,আনতি
dropout,বাদ পরা
dropouts,ঝরে পড়া
dropout,বাদ পরা
dropouts,ঝরে পড়া
drought,খরা
drowning,ডুবন্ত
drunk,মাতাল
drunkard,মাতাল
drunken,মাতাল
dubious,সন্দেহজনক
dud,জীর্ণ পোশাক
dull,নিস্তেজ
dullard,উদো
dumb,মূক
dumbfound,বিহ্বল করা
dump,মনমরা ভাব
dumped,ডাম্প
dumping,ডাম্পিং
dumps,ডাম্প
dunce,কেবলরাম
dungeon,অন্ধকূপ
dupe,প্রতারিত ব্যক্তি
dust,ধূলিকণা
dusty,ধূলিমলিন
dwindling,কমে
eccentric,অদ্ভুতস্বভাব
eccentricity,ছিট
effigy,প্রতিকৃতি
effrontery,প্রগল্ভতা
egocentric,অহংভাবপূর্ণ
egomania,মাত্রাধিক অহমিকা
egotism,অস্মিতা
egotistical,আত্মম্ভরি
egregious,গুরুতর
egregiously,গুরুতরভাবে
elimination,বর্জন
emaciated,কৃশ
emasculate,পুরুষত্বহীন
embarrass,বিজড়িত করা
embarrassing,হতবুদ্ধিকর
embarrassment,বিমূঢ়তা
embattled,রেডিও তেহরান
embroil,পেঁচান
embroiled,জড়িয়ে
embroilment,বিরক্তি
emergency,জরুরি অবস্থা
emphatic,সতেজ
emphatically,সজোরে
emptiness,শূন্যতা
encroach,সীমালঙ্ঘন করা
encroachment,অভিযান
endanger,বিপন্ন করা
enemies,শত্রুদের
enemy,শত্রু
enervate,শক্তিহীন করা
enfeeble,শক্তিহীন করা
engulf,ঢালা
enjoin,নিষেধ করা
enmity,শত্রুতা
enrage,ক্ষিপ্ত করা
enraged,ক্রুদ্ধ
enraging,উন্মাদন
enslave,ক্রীতদাস করা
entangle,ফাঁদে ফেলা
entanglement,জড়াইয়া পড়া
entrap,ফাঁদে ধরা
envious,পরশ্রীকাতর
epidemic,মহামারী
equivocal,সন্দেহজনক
erase,নিশ্চিহ্ন করা
erode,ক্ষয় করা
erodes,অবক্ষয় ঘটায়
erosion,ক্ষয়
err,ভ্রম করা
errant,ভ্রমণরত
erratic,লক্ষ্যভ্রষ্ট
erroneous,ভ্রান্ত
erroneously,ভ্রান্তভাবে
error,এরর
errors,ত্রুটি
eruptions,অগ্ন্যুত্পাতের
escapade,পলায়ন
eschew,পরিহার করা
estranged,সঙ্গে পারিবারিকভাবে বিছিন্ন
evade,টালা
evasion,ছল
evasive,অসরল
evil,মন্দ
evildoer,দুর্বৃত্ত
evils,খারাপ
eviscerate,নাডভুডি বাহির করিয়া ফেলা
exacerbate,বর্ধিত করা
exaggerate,ফলান
exaggeration,অত্যুক্তি
exasperate,ক্রুদ্ধ করা
exasperating,ক্রোধজনক
exasperation,ক্রোধ
excessive,অত্যধিক
excessively,বেজায়
exclusion,বর্জন
excoriate,কঠোর সমালোচনা করা
excruciating,মর্মযন্ত্রণাপূর্ণ
excuse,ছুতা
excuses,অজুহাত
execrate,ঘৃণা করা
exhaust,এক্সস্ট
exhausted,ক্লান্ত
exhaustion,অবসাদ
exhausts,নিষ্কাশন
exhort,উত্সাহিত করা
exile,নির্বাসন
exorbitant,গলাকাটা
exorbitantly,অতিরিক্ত
expel,ঠেলা
expensive,ব্যয়বহুল
expire,নি: শ্বাস ফেলা
expired,মেয়াদোত্তীর্ণ
explode,বিস্ফোরিত করা
exploit,কাজে লাগান
exploitation,শোষণ
explosive,বিস্ফোরক
expropriate,দখলচু্যত করা
expropriation,বাজেয়াপ্তকরণ
expunge,মুছিয়া ফেলা
exterminate,উপড়াইয়া ফেলা
extermination,উন্মূলন
extinguish,নিভান
extort,বলপ্রয়োগ আদায় করা
extortion,চাঁদাবাজি
extraneous,বিদেশী
extravagance,অপব্যয়
extravagant,অসংযত
extremism,চরমপন্থা
extremist,চরমপন্থী
extremists,চরমপন্থীরা
fabricate,নির্মাণ করা
fabrication,জালিয়াতি
facetious,রসিক
facetiously,ফূর্তিতে
fail,ব্যর্থ
failed,ব্যর্থ হয়েছে
failing,ব্যর্থতা
fails,ব্যর্থ
failure,ব্যর্থতা
failures,ব্যর্থতা
faint,ভীরু
fainthearted,কাঠির মত
faithless,অবিশ্বস্ত
fake,নকল
fall,পড়া
fallacious,প্রতারণাপূর্ণ
fallacy,হেত্বাভাস
fallen,পতিত
falling,পতনশীল
fallout,বিপর্যয়
falls,ঝরনা
FALSE,মিথ্যা
falsehood,মিথ্যা
falsely,মিথ্যাভাবে
falsify,মিথ্যা বর্ণনা করা
falter,তোতলান
faltered,বাধাপ্রাপ্ত হয়েছে
famine,দুর্ভিক্ষ
famished,ক্ষুধাকাতর
fanatic,ধর্মান্ধ
fanatical,ধর্মান্ধ
fanaticism,ধর্মান্ধতা
fanatics,ধর্মান্ধদের
fanciful,কল্পনাপ্রসূত
farfetched,অসম্ভব বলে
farce,প্রহসন
farcical,হাস্যকর
farfetched,অসম্ভব বলে
fascism,ফ্যাসিবাদ
fascist,ফ্যাসিস্ট
fastidious,খুঁতখুঁতে
fat,চর্বি
fatcat,লোভী মানুষ
fatal,মারাত্মক
fatalistic,অদৃষ্টবাদী
fatally,মারাত্মকভাবে
fateful,অবশ্যম্ভাবী
fathomless,অতল
fatigue,অবসাদ
fatigued,অবসন্ন
fatty,মোটা
fatuity,জাড্য
fatuous,বোকা
fault,দোষ
faults,ফল্ট
faulty,ত্রুটিপূর্ণ
fear,ভয়
fearful,ভীতিজনক
fearfully,সশঙ্কে
fears,ভয়
fearsome,ভয়ঙ্কর
feckless,অসহায়
feeble,দুর্বল
feign,ছল করা
feint,কৃত্রিম আক্রমণ
fell,খোলস
felon,নৃশংস
felonious,অসৎ
ferocity,হিংস্রতা
fetid,পূতি
fever,জ্বর
feverish,জ্বরাক্রান্ত
fevers,জ্বর
fiasco,চরম ব্যর্থতা
fib,গুল
fibber,গুলবাজ
fickle,চপল
fiction,উপন্যাস
fictional,কল্পিত
fictitious,কল্পিত
fidget,উসখুস করা
fidgety,অস্থির
fiend,পাষণ্ড
fiendish,পৈশাচিক
fierce,হিংস্র
filth,অশ্লীলতা
filthy,অকথ্য
finagle,প্রতারণা করা
finicky,খুঁতখুঁতে
fissures,ফাটল
fist,মুষ্টি
flabbergast,হতবুদ্ধি করা
flabbergasted,স্তম্ভিত
flagging,ঝিমুনি
flagrant,ঘোর
flair,বিচারবুদ্ধি
flak,বিমানবিধ্বংসী কামান
flake,স্ফুলিঙ্গ
flaky,স্তরপূর্ণ
flare,বিস্তারণ
flares,অগ্নিতরঙ্গ
flatout,ফ্ল্যাট আউট
flaunt,বাতাসে দোলা
flaw,ত্রুটি
flawed,দ্বিধান্বিত
flaws,সংক্রান্ত ত্রুটিগুলি
flee,ভাগা
fleeing,পলায়নপর
fleer,উপহাস
flees,পালায়
fleeting,দ্রুতগামী
flicker,মিট্মিট্
flickering,ঝিকিমিকি
flighty,দ্রুতগামী
flimflam,বাজে ব্যাপার
flimsy,ক্ষীণ
flirt,ছিনাল
flirty,"flirty, লম্বা চুল"
floored,ধরাশায়ী
flounder,রাঘববোয়াল
flout,বিদ্রুপ
fluster,হৈচৈ
foe,শত্রু
fool,মূর্খ
fooled,বোকা বানানো
foolhardy,হঠকারী
foolish,নির্বোধ
foolishly,মূর্খতাপূর্ণভাবে
foolishness,নির্বুদ্ধিতা
forbid,নিষেধ করা
forbidden,নিষিদ্ধ
forbidding,ভীষণদর্শন
forceful,জবরদস্ত
foreboding,পূর্বলক্ষণ
forfeit,বাজেয়াপ্ত
forged,নকল
forgetful,ভুলো
forgetfully,ভুল বশে
forgetfulness,বিস্মৃতি
forlorn,অবহেলিত
forlornly,বউমা কই
forsake,পরিত্যাগ করা
forsaken,পরিত্যক্ত
forswear,মিথ্যা শপথ করা
foul,নোংরা
foully,ঘৃণিতভাবে
foulness,নোংরামি
fractious,ঝগড়াটে
fracture,ফাটল
fragile,ভঙ্গুর
fragmented,খণ্ডিত
frail,ভঙ্গুর
frantic,ক্ষিপ্ত
frantically,উন্মত্তবৎ
fraud,প্রতারণা
fraudulent,প্রতারণাপূর্ণ
fraught,পরিপূর্ণ
frazzle,শ্রান্তি
freak,খামখেয়াল
freakish,আবদারে
freaks,freaks হয়
freeze,বরফে পরিণত করা
freezes,স্থির
freezing,জমা
frenetic,ফ্যানাটিক
frenzied,প্রমত্ত
frenzy,উন্মত্ততা
fret,জ্বালাতন
fretful,খিট্খিটে
friction,ঘর্ষণ
fried,ভাজা
frigging,অভিশপ্ত
fright,ভয়
frighten,আতঙ্কিত
frightening,ভয়ানক
frighteningly,প্রচন্ড
frightful,ভয়ঙ্কর
frightfully,সাঙ্ঘাতিক ভাবে
frigid,হিমশীতল
frost,তুষার
frown,ভ্রূকুটি
froze,নিথর হয়েছে
frozen,হিমায়িত
fruitless,নিষ্ফল
frustrate,হতাশ
frustrated,হতাশ
frustrates,বিফল
frustrating,হতাশাজনক
frustration,পরাজয়
frustrations,বিরক্তির
fudge,অর্থহীন
fugitive,পলাতক
fulminate,বিস্ফোরিত হত্তয়া
fumble,এলোমেলো কথা বলা
fume,ধূম্র
fumes,ধোঁয়া
fundamentalism,অন্ধবিশ্বাস
funky,ভয়াতুর
funnily,অদ্ভুতভাবে
funny,হাস্যকর
furious,অগ্নিশর্মা
furiously,উন্মত্তবৎ
furor,উন্মাদনা
fury,উন্মত্ততা
fuss,হইচই
fussy,ব্যস্তবাগীশ
fustigate,মুগুরপেটা করা
fusty,ভেপসা
futile,বৃথা
futility,নিরর্থকতা
fuzzy,ঝাপসা
fuck,যৌনসঙ্গম
gaff,অর্থহীন কিছু
gaffe,অসমীচীন কাজ
gainsay,প্রতিবাদ করা
gall,পিত্ত
galling,পীড়াদায়ক
gangster,গুণ্ডা
gape,মুখব্যাদান
garbage,আবর্জনা
garish,চটকদার
gasp,খাবি
gauche,আনাড়ি
gaudy,জাঁকাল
gawk,জবুথবু ব্যক্তি
gawky,জবুথবু
geezer,অদ্ভুত বুড়ো লোক
genocide,গণহত্যা
getrich,ধনী হও
ghastly,ভয়ানক
ghetto,শহরে ইন্থর্দিপাড়া
gibber,অস্পষ্ট আত্তয়াজ করা
gibberish,অর্থহীন কথা
gibe,উপহাস
giddy,ঘূর্ণায়মান
gimmick,প্রতারণাপূর্ণ কৌশল
gimmicks,চমক
gimmicky,প্রতারণামূলক
glare,একদৃষ্টি
glaringly,উজ্জ্বলরূপে
glib,সাবলীল
glibly,শতমুখে
glitch,সামান্য ত্রুটি
glitches,এবং glitches
gloom,বিষাদ
gloomy,মনমরা
glower,একদৃষ্টিতে তাকান
glum,বিষাদগ্রস্ত
glut,গোগ্রাসে গেলা
goad,অঙ্কুশ
goading,তাড়ন
godawful,ভয়াবহ দেবতা
goof,বোকা লোক
goofy,বোকা
goon,গণ্ডমূর্খ
gossip,পরচর্চা
graceless,অসৎ
gracelessly,লাবণ্যহীন
graft,ঘুস
grainy,দানাদার
grapple,কুস্তি করা
grate,ঝাঁঝরি
grating,কটু
gravely,গুরুত্বসহকারে
greasy,চর্বিযুক্ত
greed,ক্ষুধা
greedy,লোভী
grief,বিষাদ
grievance,নালিশের কারণ
grievances,ক্ষোভের
grieve,শোক করা
grieving,খিদ্যমান
grievous,দু: খজনক
grievously,হুড়মুড়
grim,ভয়ানক
grimace,ভেংচি
grind,চূর্ণনশব্দ
gripe,আঁকড়ান
gripes,পিত্তশূল বেদনা
grisly,ভয়াবহ
gritty,বালুকাময়
gross,স্থূল
grossly,প্রবলভাবে
grotesque,অদ্ভুত
grouch,অসন্তোষ প্রকাশ করা
grouchy,খিট্খিটে
groundless,ভিত্তিহীন
grouse,গোঙানি
growl,গোঁ গোঁ শব্দ করা
grudge,মনের ঝাল
grudges,অসন্তোষ
grudging,কৃপণ
grudgingly,অনিচ্ছায়
gruesome,ভয়ঙ্কর
gruff,বিষাদময়
grumble,নালিশ
grumpiest,রাগান্বিত
grumpy,ক্রুদ্ধ
guile,ছলনা
guilt,দোষ
guilty,দোষী
gullible,অতিসরল
hacks,হ্যাক
haggard,জীর্ণশীর্ণ
haggle,তর্কাতর্কি করা
hallucinate,অলীক কিছুর অস্তিতে বিশ্বাস জন্মান
hallucination,অমূলপ্রত্যক্ষ
hamper,ব্যাহত করা
hampered,ব্যাহত
handicapped,বিকলাঙ্গ
hang,ফাঁসি দেত্তয়া
hangs,হ্যাং
haphazard,এলোমেলো
hapless,অসুখী
harangue,বাগাড়ম্বরপূর্ণ বক্তৃতা
harass,হয়রান করা
harassed,উত্ত্যক্ত
harasses,হয়রানি
harassment,হয়রানি
harboring,পুষে রাখা
harbors,বন্দর
hard,কঠিন
hardhit,জোরে মার
hardliner,কট্টরপন্থী
hardball,হার্ডবল
harden,পাকান
hardened,কঠিনীভূত
hardheaded,শক্ত নেতৃত্বে
hardhearted,নিষ্ঠুর
hardliner,কট্টরপন্থী
hardliners,কট্টরপন্থীরা
hardship,কষ্ট
hardships,কষ্ট
harm,ক্ষতি
harmed,ক্ষতিগ্রস্ত
harmful,ক্ষতিকর
harms,ক্ষতিগ্রস্ত
harpy,ডাইনি
harridan,ডাইনি
harried,নিপীড়িত
harrow,হয়রান করা
harsh,কঠোর
harshly,ধমকে
hassle,ঝগড়া
hassled,এই ঝামেলার
hassles,ঝামেলা
haste,ত্বরা
hastily,ঝটিতি
hasty,দ্রুতগতি
hate,ঘৃণা
hated,ঘৃণিত
hateful,ঘৃণ্য
hatefully,ঘৃণিতভাবে
hatefulness,জঘন্যতা
hater,বিদ্বেষী পুরূষ
haters,ঘৃণা
hates,"ঘৃণা করেন,"
hating,ঘৃণা
hatred,ঘৃণা
haughtily,গর্ব সহকারে
haughty,উদ্ধত
haunt,আধার
haunting,গা ছমছমে
havoc,ব্যাপক ধ্বংস
hawkish,কঠোর
haywire,বিক্ষিপ্তচিত্ত
hazard,বিপত্তি
hazardous,বিপজ্জনক
haze,আবছায়া
hazy,অস্পষ্ট
headaches,মাথাব্যাথা
headache,মাথা ব্যাথা
headaches,মাথাব্যাথা
heartbreaker,হৃদয়
heartbreaking,প্রাণঘাতী
heartless,হৃদয়হীন
heathen,ধর্মহীন
heck,নরক
heckle,প্রশ্নবাণে জর্জরিত করা
hectic,অস্থির
hedge,প্রতিবন্ধক
hedonistic,আনন্দবাদী
heedless,অসতর্ক
hefty,প্রবল
hegemony,কর্তৃত্ব
heinous,জঘন্য
hell,জাহান্নাম
helpless,অসহায়
helplessly,অসহায়ভাবে
helplessness,অনুপায়
heresy,বৈধর্ম্য
heretic,পাষণ্ড
heretical,প্রচলিত মতবেরোধী
hesitant,দ্বিধাগ্রস্ত
hideous,অসহ্য
hideously,নৃশংসভবে
hinder,পশ্চাদ্বর্তী
hindrance,অন্তরায়
hiss,হিস্হিস
hissed,হিসহিস ধ্বনি
hoard,ভাণ্ডার
hoax,ধাপ্পাবাজি
hobble,ব্যাহত করা
hogs,হগ
hollow,ফাঁপা
hoodwink,চাল মারা
hooligan,গুণ্ডা
hopeless,আশাহীন
hopelessly,আশাহত ভাবে
hopelessness,আশাহীনতা
horde,বড় দল
horrendous,ভয়ঙ্কর
horrible,ভয়ঙ্কর
horrid,ভয়ানক
horrific,ভয়ঙ্কর
horrified,সন্ত্রাসিত
horrify,আতঙ্কিত করা
horrifying,ভয়াবহ
hostage,জিম্মি
hostile,প্রতিকূল
hostilities,যুদ্ধবিগ্রহ
hostility,শত্রুতা
hothead,উগ্রস্বভাব ব্যক্তি
hothouse,বেশ্যালয়
hubris,ঔদ্ধত্য
huckster,ফেরি করা
hum,গুন্ গুন্
humid,সেঁতসেঁতে
humiliate,খেলো করা
humiliating,অপমানকর
humiliation,নাকাল
humming,গুণ গুণ শব্দ
hung,স্তব্ধ
hurt,ক্ষতি
hurtful,ক্ষতিকর
hurting,আঘাত
hurts,ব্যাথা
hustler,বারবনিতা
hype,প্রতারণা
hypocrisy,ভণ্ডামি
hypocrite,ভণ্ড
hypocrites,মুনাফিকদেরকে
hypocritical,কুটিল
hypocritically,কপটভাবে
hysteria,হিস্টিরিয়া
hysteric,হিস্টরিয়া-সংক্রান্ত
hysterical,হিস্টিরিয়া-গ্রস্ত
idiocy,মূর্খতা
idiot,নির্বোধ
idiotic,আহাম্মক
idiots,ইডিয়টের
idle,অলস
ignoble,নীচ
ignominious,কলঙ্কজনক
ignominiously,কলংকজনকভাবে
ignominy,অপমান
ignorance,অজ্ঞতা
ignorant,অজ্ঞ
ignore,উপেক্ষা করা
illformed,বিকৃত
illegal,অবৈধ
illegally,অবৈধভাবে
illegitimate,অবৈধ
illicit,অবৈধ
illiterate,নিরক্ষর
illness,অসুস্থতা
illogical,অযৌক্তিক
illusion,বিভ্রম
illusions,ভ্রম বা মায়া
illusory,মায়াময়
imaginary,কল্পিত
imbalance,অমিল
imbecile,নির্বোধ
imbroglio,জটিল অবস্থা
immaterial,অশরীরী
immature,অপূর্ণাঙ্গ
imminence,নৈকট্য
immoderate,অমিত
immodest,নির্লজ্জ
immoral,অসৎ
immorality,ব্যভিচার
immorally,অনৈতিক
immovable,স্থাবর
impair,দুর্বল করা
impaired,হত
impasse,কানাগলি
impatience,অস্থিরতা
impatient,অধীর
impatiently,অধৈর্য হয়ে
impeach,অভিযুক্ত করা
impedance,ইম্পিডেন্স
impede,ঠেকান
impediment,অন্তরায়
impending,আসন্ন
impenitent,অননুতাপী
imperfect,অপূর্ণ
imperfection,অসম্পূর্ণতা
imperfections,অসম্পূর্ণতা
imperfectly,অল্পজ্ঞন
imperialist,সাম্রাজ্যবাদী
imperil,বিপদ্গ্রস্ত করা
imperious,স্বেচ্ছাচারী
impermissible,নিষিদ্ধ
impersonal,নৈর্ব্যক্তিক
impertinent,অপ্রাসঙ্গিক
impetuous,বেগবান
impiety,অধার্মিকতা
impinge,আহত করা
impious,অধার্মিক
implacable,নির্দয়
implausible,অকল্পনীয়
implicate,সংশ্লেষ করা
implication,সংশ্লেষ
implode,কেন্দ্রীভূত করা
impolite,অভদ্র
impolitic,অবিজ্ঞ
importunate,নাছোড়বান্দা
importune,অনুরোধ করা
impose,আরোপ করা
imposing,মনোরম
imposition,আরোপ
impossible,অসম্ভব
impossibly,অসম্ভব
impotent,নপুংসক
impoverish,নি: স্ব করা
impoverished,দরিদ্র
impractical,অকার্যকর
imprecate,তাকা
imprecise,যথাযথ নয় এমন
imprecision,অনির্দিষ্টতা
imprison,কয়েদ করা
imprisonment,কারাবাস
improbability,অসম্ভবতা
improbable,অভাবনীয়
improper,অপ্রকৃত
improperly,অতি
impropriety,অন্যায়
imprudence,অদূরদর্শিতা
imprudent,হঠকারী
impudence,নির্লজ্জতা
impudent,লজ্জাহীন
impudently,পুরোপুরি
impugn,সত্যতা অস্বীকার করা
impulsive,আবেগপ্রবণ
impulsively,ঝোঁকের বশে
impunity,মুক্তি
impure,অপবিত্র
impurity,অপবিত্রতা
inability,অক্ষমতা
inaccuracies,সম্প্রচার
inaccuracy,ভ্রম
inaccurate,বেঠিক
inaccurately,ভুলভাবে
inaction,নিষ্ক্রিয়তা
inactive,নিষ্ক্রিয়
inadequacy,অপ্রাচুর্য
inadequate,অপর্যাপ্ত
inadequately,ইচ্ছাকৃত ভাবে
inadvisable,অজ্ঞ
inane,ফাঁকা
inappropriate,অনুপযুক্ত
inappropriately,অযথাযথভাবে
inapt,অযোগ্য
inarticulate,অস্ফুট
inattentive,অমনোযোগী
inaudible,শ্রবণাতীত
incapable,অসমর্থ
incautious,অসতর্ক
incendiary,আগ্নেয়
incense,ধূপ
incessant,নিরবচ্ছিন্ন
incessantly,অহর্নিশ
incite,উদ্দীপ্ত করা
incitement,প্রবর্তনা
incivility,অভদ্রতা
inclement,ঝড়ো
incoherence,শিথিলতা
incoherent,অসংলগ্ন
incommensurate,বেখাপ
incomparable,অনুপম
incompatibility,অসঙ্গতি
incompatible,বেমানান
incompetence,অযোগ্যতা
incompetent,অপদার্থ
incomplete,অসম্পূর্ণ
incomprehensible,ধারণাতীত
incomprehension,উপলব্ধির অভাব
inconceivable,ধারণাতীত
incongruous,বেমানান
inconsequential,তুচ্ছ
inconsiderate,অবিবেচক
inconsistencies,অসঙ্গতি
inconsistency,অসঙ্গতি
inconsistent,অসঙ্গত
inconsolable,অবুঝ
inconstant,পরিবর্তনশীল
inconvenience,অসুবিধা
incorrect,ত্রুটিপূর্ণ
incorrectly,ভুল
incorrigible,সংশোধনাতীত
incorrigibly,শুধরানো
incredulous,বিশ্বাসহীন
inculcate,অভ্যন্তরে স্থাপন করা
indecency,অশ্লীলতা
indecent,অশ্লীল
indecently,অশোভনভাবে
indecision,দ্বিধা
indecisive,অমীমাংসিত
indefensible,অরক্ষণীয়
indelicate,স্থূল
indeterminable,অনির্ণেয়
indeterminate,অনির্ণীত
indifference,অযত্ন
indifferent,উদাসীন
indigent,অভাবী
indignant,অত্যুগ্র
indignantly,ক্রুদ্ধ
indignation,ঘৃণামিশ্রিত ক্রোধ
indignity,অসম্মান
indiscernible,অনির্ণেয়
indiscreet,অদূরদর্শী
indiscreetly,অন্ধভাবে
indiscretion,হঠকারিতা
indiscriminate,বাছবিচারহীন
indiscriminately,অবিশেষে
indistinguishable,অবিভেদ্য
indoctrinate,শিক্ষা দেত্তয়া
indoctrination,মতদীক্ষাদান
indolent,কুড়ে
indulge,আনুকূল্য করা
ineffective,অকার্যকর
ineffectively,ব্যর্থ
ineffectiveness,অক্ষমতা
ineffectual,নিষ্ফল
inefficacy,নিষ্ফলতা
inefficiency,অদক্ষতা
inefficient,অদক্ষ
inelegance,অশোভনতা
inelegant,অসুন্দর
ineligible,অযোগ্য
inept,অদক্ষ
ineptitude,অনুপযুক্ততা
inequalities,অসাম্য
inequality,অসাম্য
inequitable,অন্যায়
inequities,স্বরূপ
inescapable,অবশ্যম্ভাবী
inescapably,অনেকটা সে-কারণেই
inessential,অদরকারী
inevitable,অনিবার্য
inevitably,অবশ্যম্ভাবীরূপে
inexcusable,অমার্জনীয়
inexorable,অনিবার্য
inexorably,জীবনে নিম্নমুখী গতি অপ্রতিরোধ্য
inexperience,অনভিজ্ঞতা
inexperienced,অনভিজ্ঞ
inexpert,আনাড়ি
inexpiable,অমার্জনীয়
inextricable,মোক্ষম
inextricably,ওতপ্রোতভাবে
infamous,কুখ্যাত
infamously,জঘন্যভাবে
infamy,অখ্যাতি
infected,সংক্রমিত
infection,সংক্রমণ
infections,সংক্রমণ
inferior,নিকৃষ্ট
inferiority,কমি
infernal,নারকী
infest,উত্ত্যক্ত করা
infested,ভরা
infidel,অবিশ্বাসী
infidels,কাফের
infiltrator,অনুপ্রবেশকারী
infiltrators,অনুপ্রবেশকারীরা
infirm,দুর্বল
inflame,উত্তপ্ত করা
inflammation,প্রদাহ
inflammatory,প্রদাহী
inflated,স্ফীত
inflationary,মুদ্রাস্ফীতিজনিত
inflexible,অনমনীয়
inflict,হানা
infraction,ব্যত্যয়
infringe,লঙ্ঘন করা
infringement,লঙ্ঘন
infringements,বিধিলঙ্ঘন
infuriate,ক্ষিপ্ত
infuriated,প্রকুপিত
infuriatingly,মাথা-গরম-করে-দেওয়া উদাসীনতা
inglorious,গৌরবহীন
ingrate,অকৃতজ্ঞ
ingratitude,অকৃতজ্ঞতা
inhibit,দমন করা
inhibition,নিষেধ
inhospitable,আতিথেয়তাশূন্য
inhuman,অমানুষ
inhumane,নিষ্ঠুর
inhumanity,নিষ্ঠুরতা
inimical,ক্ষতিকর
iniquitous,অন্যায়
iniquity,অপরাধ
injudicious,অবিমৃষ্য
injure,আঘাত করা
injurious,ক্ষতিকর
injury,আঘাত
injustice,অবিচার
injustices,অবিচার
innuendo,কটাক্ষ
inoperable,অস্ত্রোপচারের উপযোগী নয় এমন
inopportune,অপ্রাপ্তকাল
inordinate,অতিরিক্ত
inordinately,নিপীড়িত
insane,উন্মাদ
insanely,পাগলের মত
insanity,বাতুলতা
insatiable,অতৃপ্ত
insecure,নিরাপত্তাহীন
insecurity,অনিরাপত্তা
insensible,অচেতন
insensitive,অবশ
insidious,প্রতারণাপূর্ণ
insignificance,তুচ্ছতা
insignificant,তুচ্ছ
insincere,কপট
insincerely,কপটভাবে
insincerity,কপটতা
insinuate,কটাক্ষ করা
insinuation,পরোক্ষ ইঙ্গিত
insolence,ঔদ্ধত্য
insolent,উদ্ধত
insolently,অহংকার
insolvent,দেউলিয়া
insouciance,অনাসক্তি
instability,অস্থায়িত্ব
instigate,প্ররোচিত করা
instigator,প্ররোচক
instigators,উস্কানিদাতাদের
insubordinate,অবাধ্য
insubstantial,অবাস্তব
insufferable,অসহনীয়
insufficiency,অপ্রতুলতা
insufficient,অপর্যাপ্ত
insufficiently,অপ্রতুল
insular,সঙ্কীর্ণচিত্ত
insult,অপমান
insulted,অপমানিত
insulting,অপমানকর
insults,অপমান
insupportable,অসহ্য
insurmountable,অনতিক্রম্য
insurrection,বিদ্রোহ
intense,তীব্র
interfere,হস্তক্ষেপ করা
interference,হস্তক্ষেপ
interferes,হস্তক্ষেপ
intermittent,সবিরাম
interrupt,সাময়িক বিরতি
interruption,বাধা
interruptions,বাধা
intimidate,ভয় দেখান
intimidating,ভয় দেখিয়ে
intimidatingly,ভয় দেখাবেন
intimidation,হুমকি
intolerable,অসহনীয়
intolerance,অক্ষমা
intoxicate,প্রমত্ত করা
intractable,অবাধ্য
intransigence,একগুঁয়েমি
intransigent,একরোখা
intrude,অনধিকারপ্রবেশ করা
intrusion,অনধিকারপ্রবেশ
intrusive,অনধিকারপ্রবেশমূলক
inundate,প্রবাহিত করা
inundated,প্লাবিত
invader,আক্রমণকারী
invalid,অকার্যকর
invalidate,বাতিল করা
invalidity,দুর্বলতা
invasive,আক্রমণকর
invective,আক্রমণমূলক
inveigle,মুগ্ধ করা
invidious,বাস্তব বা কাল্পনিক অবিচারপ্রসূত
invisible,অদৃশ্য
involuntarily,অনিচ্ছাজনিত
involuntary,অনৈচ্ছিক
irascible,একরোখা
irate,রাগাম্বিত
ire,ক্রোধ
irk,ক্লান্ত করে তোলা
irksome,ভোগানে
irksomeness,ক্লান্তিদায়কতা
ironic,বিদ্রূপাত্মক
ironical,শ্লেষাত্মক
ironically,হাস্যকর ভাবে
irony,বিদ্রূপ
irrational,অযৌক্তিক
irreconcilable,শত্রুভাবাপন্ন
irrecoverable,অনাদায়যোগ্য
irredeemable,অনপনেয়
irregular,অনিয়মিত
irregularity,অনিয়ম
irrelevance,অসামঁজস্য
irrelevant,অপ্রাসঙ্গিক
irreparable,অসংশোধনীয়
irrepressible,অদম্য
irresolute,অস্থিরসঙ্কল্প
irresponsible,দায়িত্বহীন
irresponsibly,দায়িত্বজ্ঞানহীন
irretrievable,পুনরূদ্ধারের অসাধ্য
irreversible,অপরিবর্তনীয়
irritable,খিট্খিটে
irritant,যন্ত্রণাদায়ক
irritate,জ্বালাতন করা
irritated,বিরক্ত
irritating,বিরক্তিকর
irritation,উপদ্রব
irritations,চুলকানি
isolate,বিছিন্ন
isolated,ভিন্ন
isolation,বিচ্ছিন্নতা
issue,সমস্যা
issues,সমস্যা
itch,পাঁচড়া
itching,নিশ্পিশ
jaded,শ্রান্ত
jagged,খাঁজকাটা
jam,জ্যাম
jarring,শ্রুতিকটু
jaundiced,পাণ্ডু
jealous,ঈর্ষান্বিত
jealously,ঈর্ষা
jealousy,সন্দেহ
jeer,ব্যঙ্গ
jeering,বিদ্রুপকারী
jeopardize,বিপন্ন
jeopardy,ঝুঁকি
jerk,হেঁচকা
jerky,ঝাঁকুনিপূর্ণ
jitter,নার্ভাসভাবে কাজ করা
jitters,ভীষন ভীত হওয়ার ভাব
jittery,নার্ভাস
jobless,বেকার
joke,রসিকতা
joker,ভাঁড়
jolt,ঝাঁকুনি
judder,সশব্দে কম্পন
jumpy,লাফানে
junk,আবর্জনা
junky,মাদকাসক্ত ব্যক্তি
killed,নিহত
killer,হত্যাকারী
killing,হত্যা
killjoy,মূর্তিমান নিরানন্দ
kills,মেরে
knave,টেটন
knife,ছুরি
knock,ঠক্ঠক্
knotted,গ্রন্থিবদ্ধ
kook,ছিটিয়াল
lackadaisical,অবসাদগ্রস্ত
lacked,ইঙ্গিতও
lackey,ভৃত্য
lackeys,দালালদের
lacking,উদাসীন
lackluster,নিষ্প্রভ
lacks,অভাব আছে
laconic,অল্পকথায় অর্থপূর্ণ
lag,বিলম্ব
lagging,সাপেক্ষে বেশ পিছিয়ে পড়েছে
lambaste,আচ্র্ছারকম মারা
lame,পঙ্গু
lameduck,অভাগা
lament,বিলাপ
lamentable,শোকাই
lamentably,দুঃখজনকভাবে
languid,অবসন্ন
languish,শক্তিহীনতা
languor,অবসন্নতা
languorous,নির্জীব
lanky,ঢেঙ্গা
lapse,ভ্রষ্টতা
lapsed,অতিপন্ন
lapses,তামাদি
lascivious,লম্পট
latency,অদৃশ্যতা
laughable,হাস্যকর
laughingstock,হাসির পাত্র
lawbreaker,আইনভঙ্গকারী
lawless,অনাচার
lawlessness,অনাচার
lazy,অলস
leak,ফুটো
leakage,ফুটা হত্তয়া
leakages,লিকেজ
leaking,ফাঁস
leaks,তথ্য ফাঁসের
leaky,ছিদ্রময়
lecher,লম্পট
lecherous,লম্পট
lechery,লাম্পট্য
leech,জোঁক
leer,অপাঙ্গদৃষ্টি
leery,ধূর্ত
lemon,লেবু
lengthy,লম্বা
lessdeveloped,কম উন্নত
lethal,মারাত্মক
lethargic,অলস
lethargy,তন্দ্রা
lewd,লুচ্চা
lewdness,ব্যভিচার
liability,দায়
liable,দায়ী
liar,মিথ্যাবাদী
liars,মিথ্যাবাদী
licentious,লম্পট
lie,মিথ্যা
lies,মিথ্যা
lifeless,নির্জীব
limit,সীমা
limitation,সীমাবদ্ধতা
limitations,সীমাবদ্ধতা
limited,সীমিত
limits,সীমা
limp,নিস্তেজ
listless,অবসন্ন
litigious,মামলাবাজ
livid,সীসকবর্ণ
loath,অরাজি
loathe,অতিশয় অপছন্দ করা
loathing,ঘৃণাকারী
loathly,ঘৃণাজনক
loathsome,ঘৃণিত
lone,নির্জন
loneliness,নিঃসঙ্গতা
lonely,একাকী
loner,সৈকতে
lonesome,একাকী
longtime,অনেকক্ষণ
longing,আকাঙ্ক্ষা
loophole,পলায়নের পথ
loopholes,সমস্যা
loose,আলগা
loot,লুণ্ঠন
lose,হারান
loser,অভাগা
losers,ক্ষতিগ্রস্তদের অন্তর্ভুক্ত
loses,হারায়
losing,হারানো
loss,ক্ষতি
losses,লোকসান
lost,নষ্ট
loud,অট্ট
louder,জোরে
lousy,ইতর
loveless,স্নেহহীন
lovelorn,প্রণয়পীড়িত
lowly,অকুল
ludicrous,হাস্যকর
lugubrious,নিরানন্দ
lukewarm,কবোষ্ণ
lull,ঘুমান
lumpy,পিণ্ডময়
lunatic,চন্দ্রাহত
lurch,সহসা জাহাজের কাৎ
lure,টোপ
lurid,উত্তেজনাপূর্ণ
lurk,অদৃশ্য থাকা
lurking,লুকোনোর
mad,পাগল
madden,মাত করা
maddening,উন্মাদক
madder,লতাবিশেষ
madly,ক্ষিপ্তবৎ
madman,পাগল
madness,উন্মাদ
maladjusted,অপবিন্যস্ত
maladjustment,সামঁজস্যহীনতা
malady,রোগ
malaise,অসুস্থতাবোধ
malcontent,অসন্তুষ্ট
malevolence,অমঙ্গল কামনা
malevolent,হিংসক
malice,আক্রোশ
malicious,বিদ্বেষপরায়ণ
maliciously,বিদ্বেষপূর্ণভাবে
maliciousness,হিংসায়
malign,মারাত্মক
malignant,মারাত্মক
malodorous,দুর্গন্ধযুক্ত
maltreatment,অসদাচরণ
mangle,ছিন্ন করা
mangled,ম্যাঙ্গলেড
mangles,mangle করা
mania,বাই
maniac,ক্ষিপ্ত
maniacal,বাতিকগ্রস্ত
manic,খেদোন্মত্ত
manipulate,নিপূণভাবে ব্যবহার করা
manipulation,দক্ষতা সহকারে হস্তচালন
manipulative,ধান্দাবাজি
mar,বিকলাঙ্গ করা
marginal,প্রান্তীয়
marginally,সীমিতভাবে
martyrdom,শহীদের যন্ত্রণা
mashed,ভর্তা করা
massacre,হত্যাকাণ্ড
massacres,গণহত্যার
matte,ম্যাট
mawkish,ঘৃণাজনক
mawkishness,ন্যাকাপনা
meager,অনুর্বর
meaningless,অর্থহীন
meanness,নীচতা
measly,ছোটো
meddle,মাথা ঘামান
meddlesome,দ্বন্দ্বী
mediocre,মাঝারি
mediocrity,মধ্যম অবস্থা
melancholy,মনমরা
melodramatic,অতিনাটকীয়
meltdown,তরলিকরন
menace,ভীতিপ্রদর্শন
menacing,ভয়প্রদর্শনকারী
menacingly,ভয় প্রদর্শন করিয়া
mendacious,মিথ্যাবাদী
mendacity,মিথ্যা
menial,ভৃত্য
merciless,নির্দয়
mercilessly,ক্ষমাহীনভাবে
mess,জগাখিচুড়ি
messed,তছনছ
messing,তালগোল পাকানো
messy,নোংরা
midget,বামন
miff,বিরক্তিপ্রকাশ
militancy,জঙ্গিবাদ
mindless,নির্বোধ
mirage,মরীচিকা
mire,কর্দম
misalign,বেঁকিয়ে বসানো
misaligned,শ্রেণীবদ্ধ
misapprehend,ভুল অর্থে গ্রহণ করা
misbecome,অনুপযুক্ত হত্তয়া
misbegotten,জারজ
misbehave,অসদাচরণ করা
misbehavior,অশোভন আচরণ
miscalculate,ভুল গণনা করা
miscalculation,ভুল
miscellaneous,বিবিধ
mischief,দুষ্টুমি
mischievous,ক্ষতিকর
mischievously,দুষ্টমি
misconception,ভুল ধারণা
misconceptions,ভ্রান্ত ধারনা
miscreant,দুর্বৃত্ত
miscreants,দুর্বৃত্তদের
miser,কৃপণ
miserable,দু: স্থ
miserably,শোচনীয়ভাবে
miseries,দুর্দশার
miserly,অতিলোভী
misery,দুর্বিপাক
misfit,বেমানান বস্তু
misfortune,দৈবদুর্বিপাক
misgiving,সন্দেহ
misgivings,সন্দেহ
misguidance,পথভ্রষ্টতায়
misguide,ভুল পথে চালিত করা
misguided,বিপথে চালিত
mishandle,রুঢ় আচরণ করা
mishap,ভালমন্দ
misinform,ভুল সংবাদ
misinterpret,ভুল ব্যাখ্যা করা
misjudge,ছোটো করে দেখা
misjudgment,ছোটো করে দেখা
mislead,ভুল পথে চালিত করা
misleading,বিভ্রান্তিকর
mismanage,তালগোল পাকান
mispronounce,ভুল উচ্চারণ করা
misread,ভুল ব্যাখ্যা করা
misreading,অশুদ্ধ পাঠ
misrepresent,ভুল বর্ণনা করা
misrepresentation,মিথ্যা বর্ণনা
miss,হারানো
missed,মিস
misses,শটটি
misstatement,ভুল বিবৃতি
mist,কুয়াশা
mistake,ভুল
mistaken,ভুল
mistakenly,ভুল করে
mistakes,ভুল
mistress,উপপত্নী
mistrust,অবিশ্বাস
mistrustful,বিশ্বাসহীন
mists,কুয়াশা
misunderstand,ভুল বুঝা
misunderstanding,ভুল বুঝা
misunderstandings,ভুল বোঝাবুঝি
misunderstood,অনেকেই ভুল বুঝে ভাবেন
misuse,অপব্যবহার
moan,ক্রন্দন
mobster,ডাকু
mock,উপহাস
mocked,অবহসিত
mockeries,উপহাস
mockery,উপহাস
mocking,বিদ্রূপকারী
mockingly,বিদ্রূপাত্মক
mocks,ঠাট্টা
molest,উত্ত্যক্ত করা
molestation,বিরক্তি
monotonous,একঘেয়ে
monotony,গতানুগতিকতা
monster,দৈত্য
monstrosity,বিকট মূর্তি
monstrous,বিকট
moody,মনমরা
moot,তর্ক করা
mope,নিস্তেজ করা
morbid,অস্বাস্থ্যকর
morbidly,আপনি সঙ্গীত
mordant,তীব্র
moribund,মৃতপ্রায়
moron,"গাধা, বোকা"
moronic,ক্যাবলা
morons,নির্বোধ
mortification,রিপুদমন
mortified,ক্ষুব্ধ
mortify,বিকল করা
mortifying,বিরক্তিকর
motionless,গতিহীন
motley,চিত্রবিচিত্র
mourn,শোক প্রকাশ করা
mourner,শোককারী
mournful,দু: খজনক
mournfully,শোকার্তভাবে
muddle,বিহ্বলতা
muddy,পঙ্কিল
mudslinging,কলঙ্কারোপ
mulish,খচ্চরতুল্য
mundane,জাগতিক
murder,হত্যা
murderer,খুনী
murderous,খুনী
murky,অস্পষ্ট
mushy,আবেগপ্রবণ
musty,বাসি
mysterious,রহস্যময়
mysteriously,রহস্যজনকভাবে
mystery,রহস্য
mystify,নিগূঢ় করা
nagging,বিরক্তি
naive,সাদাসিধা
narrower,সংকীর্ণ
nastily,কদর্যভাবে
nasty,কদর্য
naughty,দুষ্টু
nauseate,বিরক্তি বোধ করা
nauseating,বমনোদ্রেককর
nauseatingly,বিশ্রীভাবে
nave,নাভি
nebulous,আবছা
needless,অপ্রয়োজনীয়
needlessly,অযথা
needy,অতি দরিদ্র
nefarious,পৈশাচিক
negate,অস্বীকার করা
negation,অস্বীকৃতি
negative,নেতিবাচক
negatives,নেগেটিভ
negativity,অস্বীকৃতি
neglect,অবহেলা
neglected,অবহেলিত
negligence,অবহেলা
negligent,অবহেলাকারী
nemesis,অন্যায়ের প্রতিশোধ
nepotism,আত্মীয়পোষণ
nervous,স্নায়বিক
nervously,ঘাবড়ে
nervousness,স্নায়বিক দুর্বলাবস্থা
nettle,বিছুটি
neurotic,বায়ুগ্রস্ত
niggle,তুচ্ছ ব্যাপারে রত থাকা
nightmare,দুঃস্বপ্ন
nightmarish,বিকট নিশাস্বপ্নসংক্রান্ত
noise,গোলমাল
noises,শব্দ
noisy,সশব্দ
nonexistent,অবাস্তব
nonresponsive,অপ্রতিক্রিয়াশীল
nonsense,আজেবাজে কথা
nosey,দীর্ঘনাসা
notoriety,কুখ্যাতি
notorious,কুখ্যাত
notoriously,কুখ্যাতিপূর্ণভাবে
noxious,বিনাশসাধক
nuisance,উপদ্রব
object,উদ্দেশ্য
objection,আপত্তি
objectionable,আপত্তিকর
objections,আপত্তি
oblique,তেরছা
obliterate,ধ্বংস করা
obliterated,ধ্বংস
oblivious,অন্যমনস্ক
obnoxious,আপত্তিকর
obnoxiously,জঘন্যভাবে
obscene,অশ্লীল
obscenity,অশ্লীলতা
obscure,অস্পষ্ট
obscured,ছন্ন
obscures,অস্পষ্ট
obscurity,দুর্বোধ্যতা
obsess,মন অধিকার করিয়া রাখা
obsessive,অত্যধিক
obsessively,পাগলের
obsolete,অপ্রচলিত
obstacle,বাধা
obstinate,একগুঁয়ে
obstinately,দূরবর্তী পথ
obstruct,রোধ করা
obstructed,বাধিত
obstructing,প্রতিরোধক
obstruction,বিঘ্ন
obstructs,বাধা
obtrusive,জেদী
obtuse,ভোঁতা
occlude,অন্তর্ধারণ করা
odd,বিজোড়
oddity,ছিট
oddly,বেশ ভাল
odor,গন্ধ
offence,অপরাধ
offend,চটান
offender,অপরাধী
offending,দোষী
offenses,অপরাধের
offensive,আক্রমণাত্মক
offensively,আক্রমণাত্মক
officious,উপযাচক
ominous,অশুভ
ominously,আশঙ্কাজনকভাবে
omission,ভ্রান্তি
omit,বর্জন করা
onerous,গুরুভার
onslaught,আক্রমণ
opinionated,একগুঁয়ে
opponent,প্রতিদ্বন্দ্বী
opportunistic,সুবিধাবাদী
oppose,বিরোধিতা
opposition,বিরোধী দল
oppositions,বিরোধীদল
oppress,জুলুম করা
oppression,নিপীড়ন
oppressive,অত্যাচারী
oppressively,কঠোরভাবে
oppressiveness,দুরাত্মা
oppressors,অত্যাচারী
ordeal,কঠোর পরীক্ষা
orphan,অনাথ
ostracize,বহিষ্কৃত করা
outbreak,প্রাদুর্ভাব
outburst,বিস্ফোরণ
outbursts,ফেটে
outcast,নির্বাসিত
outcry,হৈচৈ
outlaw,ডাকু
outmoded,সেকেলে
outrage,অত্যাচার
outraged,ক্ষুব্ধ
outrageous,ভয়ানক
outrageously,অসংযতভাবে
outsider,বহিরাগত
overawe,বশীভূত করা
overpriced,বেশি দাম
overact,অতিরিক্তভাবে অভিনয় করা
overawe,বশীভূত করা
overbalance,মূল্য আধিক্য
overbearing,উদ্ধত
overblown,অতিমাত্রায় ফুটিয়া যাত্তয়া
overdo,ক্লান্ত করা
overdone,ধরা
overdue,পরিশোধসময়াতীত
overheat,অতিমাত্রায় তপ্ত করা
overloaded,ওভারলোড
overlook,তত্ত্বাবধান করা
overpaid,অতিরিক্ত
overplay,বাড়াবাড়ি
overpower,পরাভূত করা
overpriced,বেশি দাম
overrated,ওভাররেটেড
overreach,নাগাল ধরা
overrun,পদদলিত করা
overshadow,ছায়াচ্ছন্ন করা
oversight,ভুল
oversimplification,অতিসরলীকরণ
oversimplify,অতিসরল করে তোলা
oversize,আয়তনের
overstate,অত্যুক্তি করা
overstatement,অতিরঞ্জন
overstates,অনেক বাড়িয়ে দেখানো
overthrow,পরাস্ত
overthrows,উৎখাত
overturn,ত্তলটান
overweight,প্রয়োজনাতিরিক্ত ত্তজন
overwhelm,অভিভূত করা
overwhelmed,বিহ্বল
overwhelming,অভিভূতকারী
overwhelmingly,সিংহভাগ
overwhelms,পূর্ণগ্রাস
painful,বেদনাদায়ক
painfully,বেদনাদায়কভাবে
pains,প্রযত্ন
pale,ম্লান
paltry,তুচ্ছ
pan,চাটু
pandemonium,কোন্দল
pander,সহচর
panic,আতঙ্ক
panicked,ত্রস্ত
panicky,আতঙ্কিত
paradoxical,আপার্তবৈপরীত
paradoxically,আপাতদৃষ্টে বিপরীত মনে হলেও
paralyzed,পক্ষাঘাতগ্রস্ত
paranoia,প্যারানয়া
paranoid,ভীতু
parasite,পরজীবী
pariah,দাক্ষিণাত্যের নীচ জাতি
parody,প্যারডি
partiality,পক্ষপাত
partisan,তরফদার
partisans,ব্যাপারে
passive,নিষ্ক্রিয়
pathetic,হৃদয়স্পর্শী
pathetically,করুণ
patronize,পিঠ চাপড়ান
paucity,অনটন
pauper,কাঙ্গাল
paupers,বিত্তহীনই
peculiar,অদ্ভুত
peculiarly,অদ্ভুতভাবে
pedantic,গোঁড়া
peeve,অপমান
peeved,বিরক্ত
peevish,বদরাগী
penalize,দণ্ডিত করা
penalty,শাস্তি
perfidious,বিশ্বাসঘাতক
perfunctory,ভাসা-ভাসা
peril,অনিষ্টপাত
perilous,বিপজ্জনক
perish,বিনষ্ট করা
pernicious,ক্ষতিকর
perplex,হতবুদ্ধি করা
perplexed,কিংকর্তব্যবিমূঢ়
perplexing,জটিল
perplexity,আবেশ
persecute,নির্যাতন করা
persecution,নিপীড়ন
pertinacious,একগুঁয়ে
pertinacity,স্থিরানুবন্ধতা
perturb,বিহ্বল করা
perturbed,বিচল
pervasive,পরিব্যাপক
perverse,বিপথগামী
perversely,খারাপ আচরণ
perversion,স্বেচ্ছাচারিতা
perversity,নষ্টামি
pervert,বিকৃত করা
perverted,বিকৃত
pessimism,মন্দগ্রাহিতা
pessimistic,হতাশাপূর্ণ
pest,কীটপতঙ্গ
pestilent,ক্ষতিকারক
petrified,সংরক্ষিত
petrify,শিলীভূত করা
pettifog,বাজে উকিলের মত ধাপ্পাবাজি
petty,ক্ষুদ্র
phobia,বিতৃষ্ণা
phony,অপ্রকৃত
picket,ফাঁড়ি স্থাপন করা
picketed,পিকেটিং
picketing,পিকেটিং
pickets,পিকেটার
picky,খুঁতখুঁতে
pig,শূকর
pigs,শূকর
pillage,লুঠতরাজ
pillory,কাষ্ঠানির্মিত শাস্তিস্তম্ভবিশেষ
pimple,ফুস্কুড়ি
pinch,চিমটি কাটা
pique,বিরূপতা
pitiable,অভাগা
pitiful,বেচারা
pitiless,নিষ্করুণ
pittance,সামান্য বেতন
pity,কৃপা
plagiarize,কুম্ভীলকগিরি
plague,প্লেগ
plaything,খেলনা
plea,অজুহাত
pleas,আবেদন
plebeian,প্রাকৃত
plight,অঙ্গীকার
plot,চক্রান্ত
plotters,ষড়যন্ত্রকারীদের
ploy,চাকরি
plunder,লুঠতরাজ
plunderer,ডাকু
pointless,অর্থহীন
poison,বিষ
poisonous,বিষাক্ত
pokey,দামের আইসক্রীম
poky,অপরিচ্ছন্ন
pollute,দূষিত করা
polluter,দূষণকারীকে
polluters,দূষণকারীদের
pompous,আত্মম্ভরী
poor,দরিদ্র
poorer,দরিদ্র
poorest,দরিদ্রতম
poorly,দুর্বল
posturing,অঙ্গবিন্যাস
pout,বিরক্তিভাব
poverty,দারিদ্র্য
powerless,ক্ষমতাহীন
prate,জল্পনা
pratfall,নিতম্বের উপর পতন
prattle,কপচান
precarious,নিরাপত্তাহীন
precipitate,থিতান
predatory,লুণ্ঠনমূলক
predicament,বিধেয়
prejudge,শুনিয়াই অপরাধী সাব্যস্ত
prejudice,কুসংস্কার
prejudices,কুসংস্কার
prejudicial,অনিষ্টকর
premeditated,পূর্বকল্পিত
preoccupy,সর্বাগ্রে দখল
preposterous,ভ্রান্ত
preposterously,অসংগতি
presumptuous,কোন বেয়াদব
presumptuously,নিজের ধারণার
pretend,সাজা
pretense,ভণ্ডামি
pretentious,দাম্ভিক
prevaricate,সত্যের অপলাপ করা
pricey,ব্যয়বহুল
pricier,দামী
prick,ফুটা
prickle,কুচান
prideful,গর্বিত
primitive,আদিম
prison,কারাগার
prisoner,বন্দী
problem,সমস্যা
problematic,অনিশ্চিত
problems,সমস্যার
procrastinate,গড়িমসি করা
procrastination,ঢিমেতেতালা
profane,অপবিত্র
profanity,অপবিত্রতা
prohibit,নিষিদ্ধ করা
prohibitive,বাধাদায়ক
prohibitively,নিষেধাজ্ঞামূলকভাবে
propaganda,প্রচারণার
proprietary,মালিকানা
prosecute,নালিশ করা
protest,আপত্তি
protested,প্রতিবাদ
protesting,প্রতিবাদী
protests,বিক্ষোভ
protracted,দীর্ঘায়িত
provocation,জ্বালাতন করা
provocative,উত্তেজক
provoke,ঘটান
pry,কিছুর মধ্যে উঁকি মারা
pugnacious,দ্বন্দ্বপ্রি়
pugnacity,যুযুৎসা
punch,মুষ্ট্যাঘাত
punish,শাস্তি
punishable,দণ্ডনীয়
punitive,শাস্তিমূলক
punk,বাজে
puny,পুঁচকে
puppet,পুতুল
puppets,পুতুল
puzzled,বিভ্রান্ত
puzzlement,বিভ্রান্ত অবস্থা
qualm,বিবেকের দংশন
qualms,সংশয়
quandary,মুশকিল
quarrel,ঝগড়া
quarrels,ঝগড়া
quarrelsome,ঝগড়াটে
quash,রদ করা
queer,উত্কট
questionable,সন্দেহজনক
quibble,টাল
quibbles,বিতর্কের অবকাশ
racism,স্বাজাতিকতা
racist,বর্ণবাদী
racists,জাতিভেদাভেদকারী
racy,তেজী
radical,ভিত্তিগত
radicalization,মৌলবাদের
radically,আমূল
radicals,মৌল
rage,ক্রোধ
ragged,জীর্ণ
rail,রেল
rampage,ছোটাছুটি
rampant,প্রচণ্ড
ramshackle,জীর্ণ
rancor,র্ষা
randomly,এলোমেলোভাবে
rankle,যন্ত্রণাদায়কভাবে পাকান
rant,অর্থহীন বাক্য
rants,একটি rants
rape,ধর্ষণ
raped,ধর্ষিত
raping,ধর্ষণ
rascal,বদমাশ
rash,ফুসকুড়ি
rattle,খনখন শব্দ
rattles,ঝুমঝুমি
ravage,লুটপাট
raving,প্রলাপ
reactionary,প্রতিক্রিয়াশীল
rebellious,বিদ্রোহী
rebuff,ধমক
rebuke,তাড়ন
recalcitrant,বিরুপ
recant,পরিত্যাগ করা
recession,মন্দা
recessionary,স্তবগান
reckless,বেপরোয়া
recklessly,বেপরোয়াভাবে
recklessness,অদূরদর্শিতা
recoil,পশ্চাদপসরণ
recourses,ভৌগোলিক সীমারেখার একটি পুরাতত্ত্ব
redundancy,অতিরেক
redundant,অপ্রয়োজনীয়
refusal,অস্বীকার
refuse,প্রত্যাখ্যান করা
refused,প্রত্যাখ্যাত
refuses,রাজি
refusing,অস্বীকার
refutation,অপ্রমাণ
refute,খণ্ডন করা
refuted,খণ্ডন
refutes,খণ্ডন
refuting,খণ্ডন
regress,প্রত্যাবর্তন
regression,প্রত্যাগতি
regressive,প্রত্যাবর্তী
regret,দু: খ প্রকাশ
regretful,নির্বিণ্ণ
regretfully,দুঃখজনক
regrets,অনুশোচনা
regrettable,অনুশোচীয়
regrettably,আফসোস
regretted,দুঃখ প্রকাশ
reject,প্রত্যাখ্যান
rejected,প্রত্যাখ্যাত
rejecting,প্রত্যাখ্যান
rejection,প্রত্যাখ্যান
rejects,প্রত্যাখ্যান
relapse,পালটান
relentless,নিষ্করুণ
relentlessly,নিরলসভাবে
reluctance,অনিচ্ছা
reluctant,অনিচ্ছুক
reluctantly,অনিচ্ছায়
remorse,অনুশোচনা
remorseful,অনুতপ্ত
remorseless,অনপিাতহীন
renounce,অস্বীকার করা
renunciation,আত্মত্যাগ
repel,প্রতিরোধ করা
repetitive,পুনরাবৃত্তিমূলক
reprehensible,নিন্দনীয়
reprehension,নিন্দা
repress,নিরোধ করা
repression,দমন
repressive,উত্পীড়নকর
reprimand,তর্জন
reproach,ভর্ত্সনা
reproachful,কলঙ্কর
reprove,টুকা
reprovingly,অসন্তুষ্টভাবে
repudiate,অস্বীকার করা
repudiation,পরিত্যাগ
repugnance,জঘন্যতা
repugnant,বেমানান
repulse,বিতাড়ন
repulsed,নিরাকৃত
repulsive,বীভত্স
resent,ক্ষতিকর মনে করা
resentful,বিরক্ত
resentment,বিরক্তিভাব
resignation,পদত্যাগ
resigned,পদত্যাগ
resistance,সহ্য করার ক্ষমতা
restless,অস্থির
restlessness,অস্থিরতা
restrict,সীমাবদ্ধ করা
restricted,সীমাবদ্ধ
restriction,সীমাবদ্ধতা
restrictive,নিয়ন্ত্রক
resurgent,পুনরূদীয়মান
retaliate,প্রতিহিংসা গ্রহণ করা
retaliatory,প্রতিদানক্ষম
retard,মন্দীভূত করা
retarded,মন্দীভূত
retards,না retards
reticent,স্বল্পভাষী
retract,প্রত্যাহার করা
retreat,পশ্চাদপসরণ
retreated,পশ্চাত্পদ
revenge,প্রতিশোধ
revengeful,প্রতিশোধপরায়ণ
revengefully,আগের পরাজয়ের শোধ তোলার
revert,প্রত্যাবর্তন করা
revile,গালাগালি করা
reviled,অপমান
revoke,রদ করা
revolt,বিদ্রোহ
revolting,বিরক্তিকর
revulsion,মনোভাবের সম্পূর্ণ পরিবর্তন
revulsive,অপকরণকারী
rhapsodize,প্রবল উদ্দীপনার সঙ্গে কিছু
rhetoric,অলঙ্কারশাস্ত্র
rhetorical,অলঙ্কৃত
ridicule,উপহাস
ridiculous,হাস্যকর
ridiculously,হাস্যকর
rife,বিদ্যমান
rift,ফুটা
rifts,ফাটল
rigid,অনমনীয়
rigidity,কাঠিন্য
rile,জল ঘোলা করা
rip,চেরা
risk,ঝুঁকি
risks,ঝুঁকি
risky,ঝুঁকিপূর্ণ
rival,প্রতিদ্বন্দ্বী
rivalry,দ্বন্দ্ব
rocky,শিলাময়
rogue,দুর্বৃত্ত
rollercoaster,রোলার কোস্টার
rot,পচা
rotten,পচা
rough,মোটামুটি
rubbish,আবর্জনা
rude,অভদ্র
rue,অনুতাপ
ruffian,অত্যাচারী লোক
ruffle,আলান
ruin,সর্বনাশ
ruined,ছারখার
ruining,বিনষ্টকারী
ruinous,ধ্বংসপ্রাপ্ত
ruins,ধ্বংসাবশেষ
rumbling,গজরানি
rumor,গুজব
rumors,গুজব
rumple,ভাঁজ করা
rundown,ভগ্নস্বাস্থ্য শিঠ্ট
runaway,পলায়ন
rupture,বিদারণ
rust,মরিচা
rusty,বিবর্ণ
rut,খাত
ruthless,দয়ালু নয় এমন
ruthlessly,নির্মমভাবে
ruthlessness,নির্মমতার
sack,ছালা
sacrificed,উত্সৃষ্ট
sad,দু: খিত
sadden,বিকৃত
sadly,দুঃখিতভাবে
sadness,বিষণ্ণতা
sag,পাশে ঝুলিয়া পড়া
sagging,দমে
salacious,লম্পট
sanctimonious,ধর্মধ্বজী
sap,প্রাণরস
sarcasm,বিদ্রূপ
sarcastic,তীব্র ব্যঙ্গপূর্ণ
sarcastically,ব্যঙ্গ করে
sardonic,তিক্ত
sardonically,অবজ্ঞার সাথে
satirical,বিদ্রুপাত্মক
savage,অসভ্য
savagery,বর্বরতার
savages,অসভ্য
scaly,আঁশযুক্ত
scam,কেলেঙ্কারি
scams,সেইসব স্ক্যাম থেকে কীভাবে
scandal,কলঙ্ক
scandalize,কলঙ্কিত করা
scandalized,বাধা
scandalous,মানহানিকর
scandalously,কলঙ্কপূর্ণভাবে
scandals,কেলেঙ্কারিতে
scant,অপ্রচুর
scapegoat,বলির পাঁঠা
scar,খুঁত
scarce,দুর্লভ
scarcely,সবে মাত্র
scarcity,ঘাটতি
scare,ভীতি
scared,কাঁচুমাচু
scariest,স্যাকারিয়েস্ট
scarred,খুঁতেল
scars,ক্ষত
scary,ভীতিকর
scathing,কঠোর
scoff,উপহাসের পাত্র
scold,ধাতান
scolded,তাড়িত
scolding,খিঁচুনি
scorching,দাহক
scorn,অবজ্ঞা
scornful,ঘৃণাপূর্ণ
scornfully,ঘৃণাপূর্ণভাবে
scoundrel,খচ্চর
scourge,চাবুক
scowl,চোখ রাঙ্গান
scramble,হামাগুড়ি দিয়া আরোহণ
scrambling,হাহাকার
scrap,স্ক্র্যাপ
scratch,আঁচড়ের দাগ
scratched,চিরা
scratches,scratches এবং
scratchy,খর্খরে
scream,চিত্কার
screech,কর্কশ তীক্ষ্ন ধ্বনি করা
screwed,মাতাল
screwedup,মাথা কাজ করছে না
screwy,বাতিকগ্রস্ত
scuff,পা টানিয়া চলা
scum,গাদ
scummy,গাদ বা গাঁজলার মতো
secondclass,দ্বিতীয় শ্রেণী
secondtier,দ্বিতীয় স্তর
secretive,গোপনতাপূর্ণ
sedentary,আসীন
seedy,জীর্ণ
seethe,সিদ্ধ করা
seething,ফুটন্ত গরম জলভর্তি
selfish,স্বার্থপর
selfishly,স্বার্থপরের মতো
selfishness,আত্মম্ভরিতা
senile,বার্ধক্যজনিত
sensationalize,রোমাঞ্চকর
senseless,অচেতন
seriousness,গম্ভীরতা
sermonize,রচনা করা
servitude,বশ্যতা
setup,সেটআপ
setback,বিপত্তি
setbacks,কোনও setbacks
sever,বিভক্ত হত্তয়া
severe,তীব্র
severity,নির্দয়তা
shabby,হীন
shadowy,ছায়াময়
shady,ছায়াময়
shake,ঝাঁকি
shaky,নড়বড়ে
shallow,অগভীর
sham,মিথ্যা
shambles,বাজারে কসাইর দোকান
shame,লজ্জা
shameful,লজ্জাজনক
shamefully,লজ্জাজনকভাবে
shamefulness,নির্লজ্জতা
shameless,লজ্জাহীন
shamelessly,নির্লজ্জভাবে
shamelessness,ঢিটপনা
shark,হাঙ্গর
sharply,রুঢ়ভাবে
shatter,ধ্বংস করা
shimmer,চকমক
shimmy,কামিজ
shipwreck,সর্বনাশ
shirk,এড়াইয়া চলা
shit,বিষ্ঠা
shiver,শিহরণ
shock,অভিঘাত
shocked,বিস্মিত
shocking,জঘন্য
shockingly,অত্যন্ত আপত্তিকররূপে
shoddy,নিরেস
shortage,স্বল্পতা
shortcoming,ক্রটি
shortcomings,ভুলত্রুটি
shortness,ক্ষুদ্রতা
shortsighted,অদূরদর্শী
shortsightedness,অদূরদর্শিতা
showdown,চরম পরীক্ষা
shrew,কলহপ্রি় স্ত্রীলোক
shriek,তীক্ষ্ন চিতকার করা
shrill,উগ্র
shrivel,কোঁচকান
shroud,আবরণ
shrouded,আবৃত
shrug,ঝিঁকা দেত্তয়া
shun,পরিহার করা
sick,অসুস্থ
sicken,পীড়িত করান
sickening,বিরক্তিকর
sickly,দুর্বল
sickness,অসুস্থতা
sidetrack,উপপথ
sidetracked,বিক্ষিপ্ত
siege,নিরোধ
silly,নিরীহ
simplistic,সরল
simplistically,সরলভাবে
sin,পাপ
sinful,পাপিষ্ঠ
sinfully,পাপ পন্থায়
sinister,অশুভ
sink,ডুবা
sinking,ডুবন্ত
skeletons,কঙ্কাল
skeptic,সন্দেহবাদী
skeptical,সন্দেহপ্রবণ
skeptically,সন্দেহের চোখে
skepticism,সংশয়বাদ
sketchy,অসম্পূর্ণ
skimpy,যতসামান্য
skinny,চর্মসার
skittish,ভীতু
skulk,কাজ এড়ান
slack,ঢিলা
slander,অপবাদ
slanderer,পরনিন্দক
slanderous,অসূয়াপূর্ন
slanders,অপবাদ
slap,চড়
slaughter,বধ
slaughtered,জবাই
slave,ক্রীতদাস
slaves,ক্রীতদাসদের
sleazy,পাতলা
slime,পাঁক
slog,জোরে আঘাত
sloppy,পঙ্কিল
sloth,আলস্য
slothful,অলস
slow,ধীর
slowmoving,ধীরে চলাচল
slowed,মন্থর
slower,ধীর
slowest,ধীরতম
slowly,ধীরে ধীরে
slug,স্লাগ্
sluggish,মন্দ
slump,অতিমন্দা
slur,কলঙ্ক
slut,বেশ্যা
sluts,পোঁদ
sly,সেয়ানা
smack,তীক্ষ্নভাবে
smash,সম্পূর্ণ ধ্বংস
smear,মলা
smell,গন্ধ
smelled,গন্ধ পাই
smelling,ঘ্রাণ
smells,গন্ধ পাচ্ছি
smelly,দুর্গন্ধযুক্ত
smelt,স্মেল্ট
smoke,ধোঁয়া
smokescreen,ধুঁয়ার
smolder,ধূমায়িত
smoldering,ধিকিধিকি
smother,ধূম
smudge,নোংরা দাগ
smudges,ময়লা দাগগুলি
smug,ফিটফাট
smut,কালিঝুলি
smutty,অশ্লীল
snag,অপ্রত্যাশিত বাধা
snags,যান্ত্রিক ত্রুটির কারণে ধামরাইয়ে
snappish,আকস্মিক
snare,ফাঁদ
snarl,খেঁক করা
sneak,ছিঁচকে চোর
sneaky,গোপন
sneer,টিটকারি
sneering,বিদ্রূপভাবে
snob,স্নোব
snobbish,ঠেকারে
snub,তিরস্কার
soapy,তোষামোদপূর্ণ
sob,ফোঁপানি
sober,প্রশান্ত
sobering,গুরুগম্ভীর
solemn,জাঁকজমকপূর্ণ
solicitude,উতরান
somber,অন্ধকারাচ্ছন্ন
sore,কালশিটে
sorely,কঠোরভাবে
soreness,বেদনা
sorrow,দু: খ
sorrowful,দু: খিত
sorry,দুঃখিত
sour,টক
spade,কোদাল
spank,পাছায় বড় মারা
spew,বমি
spilling,কেন্দ্রে সংঘাত ছড়িয়ে পরেছে
spinster,চিরকুমারী
spiritless,নির্জীব
spite,বিদ্বেষ
spiteful,হিংসক
spitefully,সঙ্গে দুর্ব্যবহার
spitefulness,কুঁজড়াপনা
splatter,তড়বড় করে
split,বিভক্ত করা
splitting,বিদারক
spoil,লুণ্ঠন
spoilage,খাবারের পচন
spoiled,পয়মাল
spoils,জঞ্জাল
spook,ভূত
spooky,ভুতুরে
sporadic,বিক্ষিপ্ত
spotty,তিলকিত
spurious,কৃত্রিম
spurn,লাথি মারা
sputter,থুতু ফেলা
squabble,উচ্চকণ্ঠে ঝগড়া করা
squander,ফুঁকা
squash,স্কোয়াশ
squeak,চিঁ-চিঁ শব্দ
squeal,নালিশ করা
stab,ছুরিকাঘাত
stagnant,বদ্ধ
stagnate,স্থির হত্তয়া
stagnation,স্তম্ভ
staid,অটল
stain,দাগ
stains,দাগ
stale,মামুলি
stalemate,অচল অবস্থা
stall,থামা
stalls,স্টল
stammer,তোত্লামি
stampede,ছত্রভঙ্গ
standstill,অচল অবস্থা
stark,ডাহা
startle,চমকানো
startling,চমকপ্রদ
startlingly,তার হ্যারির মত উজ্জ্বল
starvation,অনাহার
starve,ক্ষুধায় মারা
static,স্থির
steal,চুরি করা
stealing,চুরি
steals,স্টিলস
steep,খাড়া
stench,পূতি
stereotype,বাঁধাধরা
stereotypical,বাঁধা
stern,কঠোর
stew,ভাপে সিদ্ধ করা
sticky,আঠাল
stiff,শক্ত
stiffness,কঠিনতা
stifle,কণ্ঠরোধ করা
stifling,শ্বাসরোধকারী পরিস্থিতি তৈরি
stigma,পাংশু
stigmatize,কলঙ্কপূর্ণ করা
sting,দংশন
stinging,যন্ত্রণাদায়ক
stingy,বখিল
stink,দুর্গন্ধ
stinks,ডুবতে
stodgy,দুষ্পাচ্য
stole,উত্তরী
stolen,অপহৃত
stooge,তাবেদার
stooges,অনুগত
stormy,ঝোড়ো
straggle,পথভ্রষ্ট হত্তয়া
strain,আলিঙ্গন
strained,ছাঁকা
strange,অদ্ভুত
strangely,আশ্চর্যজনক ভাবে
stranger,নবজাতক
strangest,অদ্ভুত
strangle,শ্বাসরোধ করা
streaky,ডোরা-ডোরা
strenuous,শ্রমসাধ্য
stress,জোর
stresses,চাপ
stressful,চাপ
stricken,অভিভূত
strict,যথাযথ
strictly,যথাযথভাবে
strident,উচ্চনাদ
strife,শত্রুতা
strike,ধর্মঘট
stringent,কঠোর
stringently,কঠোর
struck,তাড়িত
struggle,সংগ্রাম
struggled,লড়াই
struggles,সংগ্রামের
struggling,সংগ্রাম
strut,ভাররক্ষা করা
stubborn,একগুঁয়ে
stubbornly,একগুঁয়েমি
stubbornness,জেদীতা
stuck,আটকে পড়া
stuffy,গুমোট
stumble,পদস্খলন
stumbled,পদস্খলিত
stumbles,হোঁচট খাওয়ার
stump,কুঁদা
stumped,তুলবেন
stumps,স্টাম্পের
stun,অচেতন করা
stunt,বাড়িতে না দেত্তয়া
stupid,মূঢ়
stupidest,ফালতু
stupidity,নির্বুদ্ধিতা
stupidly,বোকার মত
stupor,অসাড়তা
stutter,তোতলান
stuttering,তোতলামি
sty,শূকরের খোঁয়াড়
stymied,কোণঠাসা
subdued,দমিত
subjected,চলছে
subjection,পরাধীনতা
subjugate,অধীন করা
subjugation,আরতি
submissive,বিনয়ী
subordinate,অধীন
subpoena,সপিনা
subpoenas,সমন
subservience,পরাধীনতার
subservient,আজ্ঞাবহ
substandard,নিকৃষ্ট মানের
subtract,বিয়োগ করা
subversion,পরাভব
subversive,বিধ্বংসী
subvert,পরাভূত করা
succumb,মারা যাত্তয়া
suck,স্তন্যপান
sucked,চুষা
sucker,পায়ী
sue,আদালতে অভিযুক্ত করা
sued,বিরুদ্ধে মামলা দায়ের
sues,বিরুদ্ধে মামলা
suffer,ভোগা
suffered,সহ্য
sufferer,রোগী
sufferers,ক্ষতিগ্রস্থদের
suffering,সহন
suffers,ভুগছেন
suffocate,শ্বাসরোধ করা
sugarcoated,লেপা চিনি
sugarcoated,লেপা চিনি
suicidal,আত্মঘাতী
suicide,আত্মহত্যা
sulk,মুখ গোমড়া করা
sullen,অন্ধকারাচ্ছন্ন
sully,নোংরা করা
sunder,সুন্দর
sunk,নিমগ্ন
sunken,মগ্ন
superficial,পৃষ্ঠস্থ
superficiality,বহিরঙ্গ
superficially,ভাসা-ভাসাভাবে
superfluous,অতিরিক্ত
superstition,কুসংস্কার
superstitious,কুসংস্কারাচ্ছন্ন
suppress,দমন করা
suppression,চাপাচাপি
surrender,আত্মসমর্পণ
susceptible,সমর্থ
suspect,সন্দেহভাজন
suspicion,সন্দেহ
suspicions,সন্দেহের
suspicious,সন্দেহজনক
suspiciously,সন্দেহের
swagger,সদম্ভ চাল
sweaty,ঘর্মাক্ত
swelled,ফাঁপা
swelling,ফোলা
swindle,প্রতারণা
swipe,সোয়াইপ
swollen,স্ফীত
symptom,উপসর্গ
symptoms,লক্ষণ
syndrome,লক্ষণ
taboo,নিষিদ্ধ
tacky,আঠাল
taint,কলঙ্ক
tainted,দূষিত
tamper,অবৈধ প্রভাব বিস্তার করা
tangle,জট
tangled,জট
tank,ট্যাংক
tanked,পানোন্মত্ত
tanks,ট্যাঙ্ক
tantrum,দুর্বার ক্রোধ
tardy,শ্লথ
tarnish,কলঙ্কিত করা
tarnished,কলঙ্কিত
tattered,জীর্ণ
taunt,বিদ্রূপ
taunting,বিদ্রূপাত্মক
tauntingly,বিদ্রূপ
taunts,ওকে বিদ্রুপ
taut,আঁটো
tawdry,চটকদারভাবে শোভিত
taxing,কর আরোপিত
tease,আঁচড়ান
tedious,ক্লান্তিকর
tediously,হতেই tediously
temerity,হঠকারিতা
temper,মেজাজ
tempest,প্রচণ্ড ঝড়
temptation,প্রলোভন
tenderness,আবেগপ্রবণতা
tense,ক্রিয়ার কাল
tension,চিন্তা
tentative,সম্ভাব্য
tentatively,সম্ভবত
tenuous,পাতলা
tenuously,অতি সূক্ষ্মভাবে
tepid,কুসুম কুসুম গরম
terrible,ভয়ানক
terribleness,ভয়
terribly,ভয়ঙ্কর
terror,সন্ত্রাস
terrorism,সন্ত্রাসবাদ
terrorize,সন্ত্রাসিত করা
testily,খিট্খিটে করিয়া
testy,খিট্খিটে
tetchy,খিট্খিটে
thankless,অকৃতজ্ঞ
thicker,ঘন
thirst,তৃষ্ণা
thorny,কণ্টকাকীর্ণ
thoughtless,চিন্তাশূন্য
thoughtlessness,হঠকারিতা
thrash,ছেঁচা
threat,হুমকি
threaten,শাসান
threatening,শাসানি
threats,হুমকি
threesome,ত্রয়ী
throb,স্পন্দিত করা
throbbing,কম্পিত
throttle,শ্বাসনালী
thug,খুনে
thumbsdown,হতাশা
thwart,অনুপ্রস্থ
timid,ভীতু
timidity,ভীরু ভাব
tiny,অতি ক্ষুদ্র
tingled,রণিত
tingling,রণন
tired,ক্লান্ত
tiresome,ক্লান্তিকর
tiring,ক্লান্তিকর
toil,খাটুনি
toll,উপশুল্ক
topple,ডিগবাজি খাইয়া পড়া
torment,পীড়ন
tormented,নির্যাতিত
torrent,টরেন্ট
tortuous,অসরল
torture,যন্ত্রণা
tortured,নির্যাতন
tortures,নির্যাতন
torturing,অত্যাচার
torturous,নির্যাতনকে
totalitarian,সর্বগ্রাসী
touchy,অভিমানী
toughness,বলিষ্ঠতা
tout,দালাল
touted,দালালি
touts,টাউট
toxic,বিষ
traduce,কলঙ্ক রটান
tragedy,দুঃখজনক ঘটনা
tragic,মৃতু্যঘটিত
tragically,ঘটনাবহুল
traitor,বিশ্বাসঘাতক
traitorous,বিশ্বাসঘাতকতাপূর্ণ
tramp,পদব্রজে ভ্রমণ
trample,দৃঢ়ভাবে আচরণ করা
transgress,অতিক্রম করা
transgression,পাপ
trap,ফাঁদ
trapped,আটকা পড়ে
trash,আবর্জনা
trashed,ট্র্যাশ
trashy,বাজে
trauma,মানসিক আঘাত
traumatic,আঘাতমূলক
traumatize,আঘাত করা
traumatized,মানসিকভাবে আঘাত
travesty,হাস্যকর অনুকরণ
treacherous,বিশ্বাসঘাতক
treacherously,বিশ্বাসঘাতকতা
treachery,বিশ্বাসঘাতকতা
treason,বিশ্বাসঘাতকতা
treasonous,রাষ্ট্রদ্রোহমূলক
trick,কৌতুক
tricked,প্রতারিত
trickery,কপট
tricky,চতুর
trivial,নগণ্য
trouble,কষ্ট
troubled,অস্থির
troublemaker,যে ব্যক্তি উত্তেজনা সৃষ্টি করে
troubles,যন্ত্রণার
troublesome,বিরক্তিজনক
troubling,সমস্যাগ্রস্থ
truant,যে ব্যক্তি কর্মস্থল হইতে পালায়
tumble,দড়াবাজি করা
tumbles,টাম্বেলস
tumultuous,আবেগপূর্ণ
turbulent,অবাধ্য
turmoil,অশান্তি
twist,সুতা
twisted,পাকান
twists,ওঠা পড়ার
twofaces,দুই মুখ
tyrannical,অত্যাচারী
tyrannically,স্বৈরাচারী
tyranny,স্বৈরশাসন
tyrant,অত্যাচারী
ugh,বিতৃষ্ণা
ugliest,কুৎসিত
ugliness,কদর্যতা
ugly,অরুপ
ulterior,ভবিষ্য
ultimatum,চরমপত্র
unable,অক্ষম
unacceptable,অগ্রহণীয়
unacceptably,অপ্রত্যাশিতভাবে
unaccustomed,অনভ্যস্ত
unaffordable,সামর্থের বাইরে
unappealing,মর্মস্পর্শী নয় এমন
unattractive,অনাকর্ষণীয়
unauthentic,অপ্রামাণিক
unavailable,অপ্রাপ্য
unavoidably,অনিবার্য
unbearable,অসহ্য
unbelievable,অবিশ্বাস্য
unbelievably,অবিশ্বাস্য
uncertain,অনিশ্চিত
uncivil,অভদ্র
uncivilized,অসভ্য
unclean,অপবিত্র
unclear,অস্পষ্ট
uncomfortable,অস্বচ্ছন্দ
uncomfortably,অস্বচ্ছন্দভাবে
uncompromising,অদম্য
uncompromisingly,আপোষহীন
unconfirmed,অসমর্থিত
unconstitutional,নিয়মতন্ত্রবিরোধী
uncontrolled,অবশ
unconvincing,আস্থা রাখতে পারেনি
uncooperative,অসহযোগী
uncouth,অপরিচিত
undecided,অমীমাংসিত
undefined,অনির্দিষ্ট
undercut,অল্পাহার
underdog,নিয়ত লাঁজিত ব্যক্তি
underestimate,অবমূল্যায়ন
undermine,অধোদেশ খনন করা
undermined,কমিয়ে
undermines,চলছে
underpaid,এখনও কম মজুরী
undersized,খর্বাকৃতির
undesirable,অকাম্য
undetermined,অনির্ধারিত
undid,ফেরানো হয়েছে
undignified,অসম্ভ্রান্ত
undocumented,অনথিভুক্ত
undone,অসম্পন্ন
undue,অযৌক্তিক
unease,অস্বস্তি
uneasily,অস্বচ্ছন্দভাবে
uneasiness,অস্বস্তি
uneasy,অস্থির
uneconomical,প্রয়োজনাতিরিক্ত
unemployed,বেকার
unequal,অসম
unethical,অনৈতিক
uneven,অমসৃণ
uneventful,উল্লেখযোগ্য ঘটনাহীন
unexpected,অপ্রত্যাশিত
unexpectedly,অপ্রত্যাশিতভাবে
unexplained,অব্যাখ্যাত
unfairly,অন্যায়ভাবে
unfaithful,অবিশ্বস্ত
unfaithfully,গোপন
unfamiliar,অপরিচিত
unfavorable,প্রতিকূল
unfeeling,অনুভূতিহীন
unfinished,অসমাপ্ত
unfit,অযোগ্য
unforeseen,অভাবিত
unforgiving,ক্ষমাহীন
unfortunate,দুর্ভাগা
unfortunately,দুর্ভাগ্যবশত
unfounded,ভিত্তিহীন
unfriendly,অনাত্মীয়
unfulfilled,অপরিটুষ্ত
unfunded,অনিহিত
ungovernable,অশাসনীয়
ungrateful,অকৃতজ্ঞ
unhappily,অসুখী
unhappiness,অসুখ
unhappy,অসুখী
unhealthy,অস্বাস্থ্যকর
unhelpful,অকেজো
unimaginable,অকল্পনীয়
unimportant,গুরুত্বহীন
uninformed,অজ্ঞ
uninsured,ইনশিওরেন্স
unintelligible,অপাচ্য
unipolar,ইউনিপোলার
unjust,অন্যায্য
unjustifiable,অসমর্থনীয়
unjustifiably,অসমর্থনীয়রূপে
unjustified,অহেতুক
unjustly,অযথা
unkind,ক্ষমাহীন
unkindly,নির্দয়
unknown,অজানা
unlawful,বেআইনী
unlawfully,অবৈধভাবে
unleash,ছাড়িয়া দেত্তয়া
unlicensed,অনধিকার
unlikely,অসম্ভাব্য
unlucky,হতভাগ্য
unmoved,অবিচল
unnatural,অপ্রাকৃত
unnaturally,চরম নিষ্ঠুরভাবে
unnecessary,অপ্রয়োজনীয়
unneeded,অপ্রয়োজনীয়
unnerve,সাহসশূন্য বলশূন্য করা
unnerved,বিচলিত
unnerving,সাহসশূন্য
unnoticed,অলক্ষিত
unobserved,অলক্ষিত
unorthodox,প্রচলিত নিয়মানুযায়ী নহে এমন
unpleasant,অপ্রীতিকর
unpopular,জনসাধারণের অপ্রি়
unpredictable,অনিশ্চিত
unprepared,অপ্রস্তুত
unproductive,অফলা
unprofitable,লাভহীন
unproved,অপ্রমাণিত
unproven,অপ্রমাণিত
unqualified,অযোগ্য
unravel,পাক খুলা
unraveled,উন্মোচন
unreachable,অনধিগম্য
unreadable,অপাঠ্য
unrealistic,অবাস্তব
unreasonable,অযৌক্তিক
unreasonably,নাহক
unrelenting,অকরূণ
unreliability,অবিশ্বস্ততা
unreliable,অবিশ্বস্ত
unresolved,অমীমাংসিত
unresponsive,ক্ষমাহীন
unrest,অশান্তি
unruly,অবশ
unsafe,বিপজ্জনক
unsatisfactory,অসন্তোষজনক
unsavory,বিস্বাদ
unscrupulous,বিবেকবর্জিত
unsecure,অনিরাপদ
unseemly,অনুচিত
unsettle,অতিষ্ঠ করা
unsettled,অরাজক
unsettling,স্থানান্তর
unskilled,অদক্ষ
unsophisticated,অকৃত্রিম
unsound,ক্রটিপূর্ণ
unspeakable,অনির্বচনীয়
unspecified,অসূচিত
unstable,অস্থিতিশীল
unsteadiness,অনবস্থা
unsteady,অস্থির
unsuccessful,ব্যার্থ
unsuccessfully,অসফল
unsupported,অসমর্থিত
unsupportive,অসমর্থিত
unsure,অবিশ্বাস্য
unsuspecting,অসন্দিগ্ধচরিত্র
unsustainable,অস্থিতিশীল
untenable,অসমর্থনীয়
untested,অপরীক্ষিত
unthinkable,অভাবনীয়
untimely,অসময়ে
untouched,অস্পৃষ্ট
untrue,অসত্য
untrustworthy,অবিশ্বাসযোগ্য
untruthful,মিথ্যাবাদী
unusable,অব্যবহারযোগ্য
unusual,অস্বাভাবিক
unusually,অসাধারণভাবে
unwanted,অনাবশ্যক
unwarranted,অন্যায্য
unwatchable,অদর্শনযোগ্য
unwelcome,অনভিপ্রেত
unwell,অসুস্থ
unwieldy,জবরজং
unwilling,অনিচ্ছুক
unwillingly,অনিচ্ছায়
unwillingness,অনিচ্ছা
unwise,মূর্খতাপূর্ণ
unwisely,মূর্খতাপূর্ণভাবে
unworkable,অকার্যকর
unworthy,অযোগ্য
unyielding,অনমনীয়
upbraid,ভর্ত্সনা করা
upheaval,উত্ক্ষেপ
uprising,বিদ্রোহ
uproar,চিল্লাচিল্লি
uproarious,উচ্চ চিত্কারপূর্ণ
uproot,উপড়াইয়া ফেলা
upset,মর্মাহত
upsets,বিব্রত করে
upsetting,বিপর্যস্ত
urgent,জরুরী
useless,বেহুদা
usurp,অন্যায়রূপে অধিকার করা
usurper,দখলদার
utterly,একদম
vagrant,ভবঘুরে
vague,অস্পষ্ট
vagueness,অনিশ্চয়
vain,নিরর্থক
vainly,ব্যর্থ
vanity,অসারত্ব
vehement,প্রচণ্ড
vehemently,তীব্রভাবে
vengeance,প্রতিহিংসা
vengeful,প্রতিহিংসাপরায়ণ
venom,বিষ
venomous,বিদ্বেষপূর্ণ
vent,উচ্চারণ
vestiges,অবশেষসমূহ
vex,উত্ত্যক্ত করা
vexation,বিক্ষোভ
vexing,অসন্তোষজনক
vibrate,কাম্পান
vibrated,আন্দোলিত
vibrates,কম্পন না
vibrating,স্পন্দিত
vibration,কম্পন
vice,ভাইস
vicious,দুশ্চরিত্র
viciously,ভয়ঙ্কর
viciousness,বদমেজাজ
victimize,বলি দেত্তয়া
vile,নীচ
vileness,নিকৃষ্টতা
vilify,নিন্দা করা
villainous,দুর্বৃত্ত
villainously,বদমাইশি
villains,ভিলেন
vindictive,প্রতিহিংসাপরায়ণ
vindictiveness,প্রতিহিংসাপরায়ণতা
violate,লঙ্ঘন করা
violation,ভঙ্গ
violator,বলাত্কারী
violators,লঙ্ঘনকারী
violent,হিংসাত্মক
violently,আবেগপূর্নভাবে
viper,সর্প
virulence,অত্যধিক তীব্রতা
virulent,অত্যন্ত ক্ষতিকর
virus,দুষ্ট
vociferous,সমুচ্চ
volatile,উদ্বায়ী
volatility,অবিশ্বাস
vomit,বমি
vomited,বমি
vomiting,বমি
vomits,বমি
vulgar,অভদ্র
vulnerable,জেয়
wail,দু: খপ্রকাশ
wallow,অধ: পতন
wane,ক্ষয়
waning,ক্ষীয়মাণ
wanton,অসচ্চরিত্র
warlike,সামরিক
warily,সতর্কভাবে
wariness,সচেতনতা
warlike,সামরিক
warned,সতর্ক
warning,সাবধানবাণী
warp,টানা
wary,সতর্ক
waste,অপব্যয়
wasted,বরবাদ
wasteful,অযথা
wasting,নাশক
waterdown,তরল করা
wayward,নিরঙ্কুশ
weak,দুর্বল
weaken,দুর্বল করা
weakening,বলক্ষয়কর
weaker,দুর্বল
weakness,দুর্বলতা
weaknesses,দুর্বলতা
weariness,শ্রান্তি
wearisome,ক্লান্তিকর
weary,ক্লান্ত
wedge,কীলক
weed,গাঁজা
weep,রোদন
weird,অদ্ভুত
wheedle,প্রতারিত করা
whimper,ঘ্যানঘ্যান
whine,ঘেনঘেন
whining,ঘেঙানি
whiny,ক্রন্দনরত
whips,চাবুক
whore,বেশ্যা
whores,বেশ্যা
wicked,দুর্নীতিপরায়ণ
wickedly,অন্যায়
wickedness,পাপা
wild,বন্য
wildly,দুর্দান্তভাবে
wiles,ফুসলান
wilt,তাজা ভাব হারান
wily,কূটবুদ্ধি
wince,সঙ্কুচিত হত্তয়া
wobble,কমি্পত হত্তয়া
wobbled,কেঁপেছে
woe,দুর্ভাগ্য
woebegone,আর্ত
woeful,শোচনীয়
woefully,শোচনীয়ভাবে
womanizer,অসচ্চরিত্র ব্যক্তি
worn,ধৃত
worried,চিন্তিত
worries,উদ্বেগ
worrisome,ঝামেলাপূর্ণ
worry,চিন্তা
worrying,উদ্বেজক
worse,খারাপ
worsen,খারাপ করা
worsening,খারাপ
worst,খারাপ
worthless,অখাদ্য
worthlessness,অপদার্থতা
wound,ক্ষত
wounds,ঘা
wrangle,ঝগড়া করা
wrath,ক্রোধ
wreak,প্রতিহিংসা গ্রহণ করা
wreck,ধ্বংস
wrest,ছিনান
wrestle,মল্লযুদ্ধ
wretch,নরাধম
wretched,হতভাগ্য
wretchedly,দীনভাবে
wretchedness,হীনাবস্থা
wrinkle,বলি
wrinkled,বলিচিহ্নিত
wrinkles,বলি
writhe,পাক দেত্তয়া
wrong,ভুল
wrongful,অন্যায়
wrongly,ভুলভাবে
wrought,পেটা
yawn,হাই তোলা
zap,হত্যা করা
zealot,ধর্মান্ধ
zealous,প্রবল উদ্দীপনাপূর্ণ
zealously,সোত্সাহে
zombie,বোকচন্দর
